language_token,count,english_name
anglicky,22055,english
nemecky,14294,german
a,5755,
svoj,4620,
rusky,3756,russian
slovensky,3212,slovak
ten,2729,
francuzsky,2657,french
taliansky,2220,italian
madarsky,2147,hungarian
sa,2019,
spanielsky,1881,spanish
d,1816,
aj,1796,
ale,1694,
cesky,1264,czech
japonsky,1147,japanese
trochu,1046,
tak,1044,
hlavne,1016,
to,846,
polsky,832,polish
po,830,
som,780,
moj,760,
len,740,
trosku,691,
ucim,611,
no,603,
ovladam,564,
najlepsie,538,
ze,483,
samozrejme,430,
je,429,
viem,428,
na,420,
p,402,
este,398,
ako,390,
v,366,
by,363,
z,329,
trocha,306,
jazyk,302,
mi,299,
dobre,294,
ked,292,
ani,278,
iba,263,
nie,242,
s,240,
pasivne,234,
uz,222,
co,204,
asi,191,
o,190,
mam,180,
si,175,
snazim,167,
niekedy,160,
velmi,160,
moc,159,
slovenski,157,
zaklady,154,
vlastny,152,
dohovorim,152,
nieco,152,
ho,151,
ja,151,
nas,150,
neviem,146,
nemcinu,143,
ma,141,
vsetky,138,
tvoj,136,
troska,135,
francuzky,134,
sak,128,
kazdeho,127,
swoj,127,
cigansky,120,
chcem,118,
neovladam,115,
mozno,108,
quot,106,
nic,103,
ucit,101,
ciastocne,99,
dokonale,99,
staci,98,
ide,97,
jasne,96,
da,95,
nemcina,93,
anglictinu,93,
dd,92,
jazyky,92,
ich,90,
tam,89,
english,88,
rozumiem,88,
aspon,88,
madarski,87,
jeden,86,
nitransky,85,
teda,85,
toho,85,
trochen,84,
ne,84,
xd,83,
celkom,83,
ovladat,82,
slovencina,81,
materinsky,80,
do,79,
najviac,79,
povedat,78,
urcite,78,
zatial,77,
ta,76,
vediet,75,
ziadny,73,
sem,72,
malo,72,
treba,72,
rec,71,
rukami,71,
nohami,71,
slovencinu,68,
ak,68,
tu,67,
par,66,
anglinu,66,
poriadne,65,
dost,64,
latinsky,64,
slov,64,
dorozumiem,63,
aby,62,
ano,62,
aktivne,62,
chorvatsky,61,croatian
grecky,61,
naucit,61,
viac,60,
romsky,60,romani
tiez,60,
obcas,59,
inak,59,
hehe,59,
ci,58,
srbsky,58,serbian
aky,58,
mno,58,
menej,57,
anglictina,56,
rodny,56,
noo,54,
ine,54,
tom,54,
nemciny,53,
magyar,53,
skoro,53,
myslim,52,
cinsky,51,chinese
od,51,
ceski,51,
i,50,
anglina,50,
mala,50,
topankach,49,
hadam,49,
nejde,48,
arabsky,48,arabic
heh,48,
perfektne,47,
ved,47,
okrem,46,
ustach,46,
trosicku,45,
chcela,45,
vyborne,45,
budem,44,
mongolsky,44,
slowensky,44,
mal,44,
kazdy,44,
predsa,44,
vsetko,43,
podla,43,
vela,43,
tomu,43,
anglicki,42,
deutsch,42,
aa,42,
potom,42,
teraz,42,
slovenky,42,
akoze,42,
rozku,41,
zacinam,41,
jak,41,
pravdaze,40,
hlawne,40,
sk,40,
mna,40,
dufam,39,
vezme,39,
ktory,39,
neni,39,
skor,38,
magyarsky,38,
nj,38,
rad,38,
iny,37,
za,37,
zo,37,
ucila,36,
jazykov,36,
lebo,36,
svooj,36,
vsade,36,
ddd,36,
rada,36,
az,35,
chces,35,
hebrejsky,35,hebrew
tie,35,
vim,35,
amp,35,
vraj,35,
so,34,
kedy,33,
mierne,33,
nee,33,
alebo,33,
fakt,33,
naj,32,
rustinu,32,
taky,32,
hovorim,32,
pri,32,
lepsie,32,
anglictiny,31,
slovak,31,
tym,31,
kto,31,
ruky,31,
takze,31,
pracuje,30,
vzdy,30,
stale,30,
k,30,
vobec,30,
zaciatocnik,30,
najma,29,
holandsky,29,dutch
ucil,29,
rokov,29,
ju,28,
dva,28,
turecky,28,
nohy,28,
chcel,28,
nevim,28,
plynule,28,
nepovedalo,28,
nemam,27,
problem,27,
neda,26,
kazdym,26,
raz,26,
potrebujem,26,
akurat,26,
vsak,26,
bit,26,
ledva,26,
hej,25,
little,25,
rustina,25,
vo,25,
slovenskyy,25,
xi,24,
neee,24,
zevraj,24,
rumunsky,24,romanian
keby,24,
x,24,
pomaly,24,
uplne,24,
dohodnem,24,
nejako,24,
su,24,
nitriansky,23,
ang,23,
musim,23,
hmm,23,
slova,23,
ete,23,
moja,23,
ostatne,23,
najme,23,
mad,23,
cudzie,23,
studujem,23,
ovlada,23,
ciganski,22,
nej,22,
cize,22,
kde,22,
super,22,
nemecki,21,
cudzi,21,
aaa,21,
rok,21,
angl,21,
daco,20,
cestina,20,
neznasam,20,
reci,20,
malinko,20,
svojho,20,
nooo,20,
casti,20,
sice,20,
norsky,20,
nejaky,20,
francuzstina,20,
skole,19,
poviem,19,
dajme,19,
nadavat,19,
volaco,19,
slabo,19,
cz,19,
najradsej,19,
he,19,
nikto,19,
zensky,19,
finsky,19,
snad,19,
taliancinu,18,
chce,18,
rustiny,18,
my,18,
bude,18,
madarcinu,18,
zdokonalujem,18,
magyarul,18,
momentalne,18,
ha,18,
ty,18,
inych,18,
mooj,18,
trosken,18,
portugalsky,18,portuguese
vsetkych,18,
neco,17,
tej,17,
zabudam,17,
romski,17,
ineho,17,
dalej,17,
slovo,17,
nem,17,
naucim,17,
and,17,
snaha,17,
ziadna,17,
pol,17,
zaklad,17,
zadny,17,
xixi,17,
hm,17,
byt,17,
pokrocily,16,
vedet,16,
spanielcinu,16,
slusne,16,
mojej,16,
haha,16,
dohovorit,16,
nestratim,16,
pracujem,16,
pa,16,
jazykoch,16,
ti,16,
nim,16,
nazvat,16,
kolko,16,
promile,16,
slava,16,
korejsky,16,korean
pre,16,
mojho,15,
svete,15,
un,15,
nitrancina,15,
zacala,15,
tolko,15,
clovek,15,
francuzstinu,15,
ukrajinsky,15,ukrainian
niekoho,15,
ziaden,15,
jazyku,15,
take,15,
biedne,15,
madarcina,15,
taliancina,15,
nemeckeho,14,
ece,14,
hmmm,14,
secky,14,
vazne,14,
malicko,14,
radsej,14,
pod,14,
bola,14,
neho,14,
tento,14,
jazyka,14,
nebudem,14,
svedsky,14,swedish
angliny,14,
neminu,14,
tazko,14,
najlepsi,14,
latincinu,14,
topanke,14,
nechcem,14,
jedno,14,
troch,13,
bieda,13,
arsky,13,
is,13,
nemina,13,
slovakia,13,
jaky,13,
atd,13,
pravda,13,
kazdej,13,
vie,13,
dalsich,13,
wiem,13,
jednoznacne,13,
mozem,13,
roky,13,
zeby,13,
mne,13,
vem,13,
und,13,
de,13,
espanol,13,
vedel,13,
niekto,13,
nejake,13,
moju,13,
you,13,
bez,13,
italiano,13,
nieje,12,
jazycek,12,
polski,12,
pokusam,12,
pozdravit,12,
dokazem,12,
gt,12,
dokonca,12,
nenavidim,12,
posunkovu,12,
milujem,12,
bolo,12,
cudzich,12,
hu,12,
anglickyy,12,
ruski,12,
hovno,12,
bol,12,
cestinu,12,
nitraansky,12,
nejak,12,
vetu,12,
podrezany,12,
svoju,12,
c,12,
rosku,12,
druhy,12,
talianciny,12,
hore,12,
bulharsky,12,
svojim,12,
trosicka,12,
dole,12,
poradne,12,
mojim,12,
veci,12,
ein,12,
u,12,
vlastne,12,
h,11,
jedine,11,
priemerne,11,
jaj,11,
vedela,11,
francusky,11,
slovicok,11,
tez,11,
japoncina,11,
ste,11,
mocensky,11,
nech,11,
uciim,11,
svoooj,11,
obidva,11,
nitrancinu,11,
nechce,11,
rozpravat,11,
uci,11,
paci,11,
nemcine,11,
nadavky,11,
jazik,11,
sj,11,
kedze,11,
thajsky,11,
poco,11,
jazykom,11,
ktore,11,
cas,11,
tri,11,
albansky,11,
oba,11,
e,11,
wem,11,
kmena,11,
zabudol,11,
teoreticky,11,
hh,11,
thak,11,
sveta,11,
rustine,11,
cim,11,
slovina,10,
slovensku,10,
anglicku,10,
nikdy,10,
dalsie,10,
naco,10,
ehm,10,
praxi,10,
taak,10,
dorozumiet,10,
newim,10,
nitraaansky,10,
povedzme,10,
anglictine,10,
bohuzial,10,
partnerov,10,
ae,10,
prave,10,
svahilsky,10,
poznam,10,
zalezi,10,
anglickeho,10,
dohovoril,10,
newem,10,
svojj,10,
horsie,10,
konecne,10,
urovni,10,
xp,10,
tych,10,
proste,10,
nich,10,
zvladam,10,
szlovak,10,
nepredaju,10,
pouzivam,10,
ozaj,10,
francustina,10,
boli,10,
ziadni,10,
sam,10,
silne,10,
nevem,10,
nerozumie,10,
preco,10,
pamatam,10,
spreche,10,
secko,9,
vsetci,9,
fajn,9,
dobry,9,
jednu,9,
skoda,9,
englisch,9,
rodnu,9,
kusok,9,
svk,9,
taq,9,
la,9,
zabudla,9,
francais,9,
czech,9,
pisat,9,
potreby,9,
bo,9,
pokial,9,
taliancinou,9,
dddd,9,
bischen,9,
nemozem,9,
google,9,
owladam,9,
zivot,9,
skazdeho,9,
mojj,9,
cem,9,
hihi,9,
dalo,9,
anglickya,9,
podari,9,
americky,9,
hovorit,9,
speak,9,
ovladanim,8,
zacat,8,
zacal,8,
velmo,8,
robim,8,
zdokonalit,8,
jazykmi,8,
xdd,8,
sme,8,
toto,8,
nejdu,8,
mnou,8,
chcete,8,
najkrajsi,8,
asik,8,
swooj,8,
vety,8,
macedonsky,8,
nestratila,8,
vas,8,
slovesky,8,
dobra,8,
madar,8,
hehehe,8,
on,8,
vam,8,
esperanto,8,esperanto
in,8,
mnoo,8,
zas,8,
tazke,8,
n,8,
koho,8,
rata,8,
dolava,8,
chi,8,
zopar,8,
niektore,8,
skusam,8,
nechapem,8,
skoly,8,
vynikajuco,8,
vypijem,8,
priatelov,8,
slovicka,8,
hovori,8,
ludi,8,
naozaj,8,
vacsinou,8,
ust,8,
en,8,
den,8,
puse,8,
mu,8,
y,8,
obstojne,8,
naucil,8,
casto,8,
svoje,8,
angline,8,
dve,8,
deutch,8,
velice,8,
nemusim,7,
nwm,7,
stoho,7,
mojich,7,
bla,7,
planujem,7,
pocitat,7,
ake,7,
silno,7,
povedal,7,
okolnosti,7,
posunkova,7,
dam,7,
j,7,
spanielcina,7,
riadne,7,
vsetkymi,7,
german,7,
vsetkeho,7,
kedysi,7,
ucime,7,
ludia,7,
kus,7,
tela,7,
rus,7,
vyskusat,7,
twoj,7,
pc,7,
pas,7,
velmy,7,
ini,7,
zmaturoval,7,
hlavnee,7,
hovorovo,7,
svojjj,7,
rozpravam,7,
latincina,7,latin
dlho,7,
nom,7,
rakusky,7,
podobne,7,
spravne,7,
sexy,7,
dobrej,7,
naucila,7,
fuck,7,
mj,7,
piatok,7,
inac,7,
azbuku,7,
plus,7,
kym,7,
nijaky,7,
alkoholu,7,
bisschen,7,
swojj,7,
gut,7,
chvalit,7,
chystam,7,
elfsky,7,
pomocou,7,
svojej,7,
mohla,7,
hungary,7,
then,7,
troske,7,
musi,7,
musia,7,
jo,7,
moooj,7,
dohovorila,7,
casom,7,
anj,7,
nebavi,7,
idem,7,
lt,7,
veru,6,
samo,6,
franinu,6,
teniskach,6,
zvieraci,6,
language,6,
klamem,6,
eng,6,
w,6,
mnoho,6,
nema,6,
vies,6,
viim,6,
slovenciny,6,
bohvieco,6,
spanielciny,6,
seba,6,
mongolcina,6,
nerozumiem,6,
praci,6,
predovsetkym,6,
good,6,
ovladala,6,
tan,6,
skusit,6,
tyka,6,
jej,6,
davam,6,
dobru,6,
vulgarny,6,
pripade,6,
chvilu,6,
pochopitelne,6,
francustinu,6,
pomalicky,6,
chorvacky,6,
te,6,
php,6,
ovladnut,6,
krat,6,
pijem,6,
jako,6,
zdokonalovat,6,
prakticky,6,
slovinsky,6,
sposobom,6,
tvarim,6,
nemcinou,6,
viet,6,
samouk,6,
kokot,6,
moje,6,
maam,6,
strasne,6,
t,6,
bravcovy,6,
ramci,6,
du,6,
vsetki,6,
slowenski,6,
jeho,6,
coskoro,6,
doprava,6,
nejaku,6,
napisat,6,
awe,6,
nemcky,6,
roska,6,
com,6,
japoncinu,6,
se,6,
viete,6,
idu,6,
tag,6,
dakedy,6,
ovladnem,6,
pomenej,6,
bohvie,6,
clovekom,6,
napr,6,
ceskyy,6,
niektorych,6,
es,6,
zlepsovat,6,
vlasny,6,
anglictinou,6,
welmi,6,
l,6,
bi,6,
porozumiem,6,
sprache,6,
aspom,6,
anglick,6,
rodna,6,
aten,6,
slabsie,6,
zlepsit,6,
cely,6,
slovenskyyyy,6,
chciet,6,
heheh,6,
ruk,6,
rozumiet,6,
slabota,6,
ist,6,
wim,6,
laka,5,
html,5,
jasnee,5,
poslabsie,5,
vec,5,
nepouzivam,5,
nasu,5,
rustinou,5,
casu,5,
percent,5,
uzde,5,
vlastni,5,
kusek,5,
ovladal,5,
troche,5,
lepsi,5,
parlo,5,
isti,5,
klokocinsky,5,
zase,5,
napocitat,5,
robi,5,
jedneho,5,
komu,5,
spanielcine,5,
wed,5,
nauci,5,
hello,5,
moji,5,
neucim,5,
newiem,5,
any,5,
antitalent,5,
laponsky,5,
kolvek,5,
zboznujem,5,
zakladne,5,
citat,5,
hungaria,5,
cosi,5,
hodiny,5,
translator,5,
zvladnem,5,
nepovedal,5,
slovom,5,
bar,5,
ujde,5,
mat,5,
davno,5,
nicht,5,
saq,5,
nepotrebujem,5,
zbezne,5,
slovansky,5,
svojom,5,
rj,5,
ach,5,
niee,5,
hladu,5,
teen,5,
inglis,5,
pohode,5,
rozka,5,
trosilinku,5,
latina,5,
latinciny,5,
powedat,5,
arabcinu,5,
pekne,5,
op,5,
pp,5,
najdolezitejsi,5,
meg,5,
of,5,
nepamatam,5,
dvoch,5,
francustiny,5,
kua,5,
nemeckyy,5,
tieto,5,
svuj,5,
nitranski,5,
jaziky,5,
moznosti,5,
nepredali,5,
taliansku,5,
anglickom,5,
sprechen,5,
neovladnem,5,
ostry,5,
letmo,5,
mozne,5,
don,5,
slovenksy,5,
priatelkin,5,
posudit,5,
tem,5,
anglika,5,
porozumiet,5,
taktiez,5,
pokecat,5,
najlepse,5,
setky,5,
nestazoval,5,
preto,5,
slovenskeho,5,
uzbekistansky,5,
sikovny,5,
kmenov,5,
angol,5,
very,5,
taaak,5,
topanky,5,
zeny,5,
zato,5,
lol,5,
vacsina,5,
r,5,
minimum,5,
mohol,5,
mame,5,
just,5,
uciiim,5,
dorozumel,5,
druhej,5,
dorozumela,5,
bars,5,
snim,5,
nehovorim,5,
maskrtny,5,
ovladaju,5,
nedari,5,
cinstina,5,
jaki,5,
ziadne,5,
an,5,
scasti,5,
doma,5,
indiansky,5,
nemecku,5,
nad,5,
horko,5,
kontrolou,5,
rade,5,
sebe,5,
kokcem,5,
maly,4,
medzi,4,
ruskya,4,
chodim,4,
kvalitne,4,
nenazvala,4,
slo,4,
bien,4,
polovicne,4,
maximalne,4,
troosku,4,
sikovna,4,
mozme,4,
sie,4,
robit,4,
verim,4,
pokrocilo,4,
ticho,4,
rozumie,4,
myslite,4,
dohovori,4,
bavi,4,
pocit,4,
bin,4,
more,4,
francuzaky,4,
prava,4,
niekolko,4,
polstina,4,
otazka,4,
skus,4,
africky,4,
stacii,4,
jednotku,4,
cmuk,4,
kapanek,4,
romacky,4,
mas,4,
taka,4,
nepaci,4,
uvidime,4,
madarskyyy,4,
doucujem,4,
slovenskii,4,
medzinarodne,4,
tuto,4,
mimozemsky,4,
mongolski,4,
trohu,4,
flamsky,4,
grectiny,4,
rusku,4,
iste,4,
cca,4,
vyskusaj,4,
slovnik,4,
pozor,4,
dialekt,4,
ceknut,4,
extra,4,
howno,4,
zvierat,4,
stredne,4,
hebrejcina,4,
partnera,4,
posunkovej,4,
beha,4,
mali,4,
nekedy,4,
dolu,4,
uff,4,
vis,4,
ovladani,4,
zatal,4,
studoval,4,
volakedy,4,
lenivy,4,
coo,4,
nerozpravam,4,
naraz,4,
tornado,4,
kupit,4,
najde,4,
priatelky,4,
francuzstinou,4,
gramatiku,4,
prosim,4,
omg,4,
yes,4,
vedia,4,
mvoj,4,
vravi,4,
stem,4,
francuztinu,4,
spisovne,4,
sama,4,
madarsku,4,
anglicy,4,
zmaturovala,4,
samozrejmee,4,
minimalne,4,
pisem,4,
dansky,4,
prizvuk,4,
niekedi,4,
course,4,
sturovsky,4,
aaaa,4,
vypotim,4,
pravy,4,
tosku,4,
buducnosti,4,
domaci,4,
spanielcinou,4,
polemizovat,4,
trolilinku,4,
francuzstiny,4,
fr,4,
olasky,4,
nezabudol,4,
pohoda,4,
prsty,4,
vzdelavam,4,
desat,4,
matersky,4,
trapna,4,
not,4,
nestratil,4,
druhe,4,
furt,4,
najvac,4,
pride,4,
bozkavani,4,
nemesky,4,
mnohe,4,
ktora,4,
sorry,4,
trapne,4,
pismom,4,
plinule,4,
poho,4,
slovesnky,4,
nimi,4,
vecer,4,
okrajovo,4,
sloveski,4,
akosi,4,
hatlaninu,4,
kkt,4,
stacit,4,
b,4,
roka,4,
vole,4,
umenie,4,
zle,4,
turecki,4,
svetove,4,
znalosti,4,
pozna,4,
svojsky,4,
watch,4,
nan,4,
mohlo,4,
maturovala,4,
pici,4,
problemy,4,
nestaci,4,
svooooj,4,
deutsche,4,
bavia,4,
zamozrejme,4,
haluz,4,
moze,4,
skutocne,4,
mexicky,4,
yo,4,
otrepana,4,
dari,4,
neowladam,4,
jaaaaj,4,
veeelmi,4,
profesionalne,4,
nadrbany,4,
stes,4,
jednym,4,
ono,4,
jazykove,4,
thaq,4,
same,4,
slovinu,4,
polsku,4,
dodat,4,
cerveny,4,
podstate,4,
the,4,
nevjem,4,
pokrocila,4,
picu,4,
inom,4,
slovicko,4,
next,4,
tochu,4,
nikde,4,
nekomentujem,4,
ovladanie,4,
perfekt,4,
trocu,4,
ktori,4,
vtedy,4,
odpovedat,4,
vecsinou,4,
dievcat,4,
napriklad,4,
druheho,4,
nezabudla,4,
meine,4,
me,4,
slovensko,4,
slovenskyyy,4,
ceste,4,
taketo,4,
hlawnee,4,
jj,3,
romanes,3,
pekny,3,
lehotsky,3,
isto,3,
hun,3,
chabo,3,
isty,3,
ucitelov,3,
best,3,
pero,3,
dlhy,3,
anglycky,3,
tvrdit,3,
dokopi,3,
mandarincinu,3,
francuzstine,3,
pohariku,3,
noh,3,
peu,3,
pochopim,3,
jazykovy,3,
auch,3,
dik,3,
pracovat,3,
snej,3,
radi,3,
dobree,3,
najst,3,
mocc,3,
zacnem,3,
brazilsky,3,
arabcina,3,
alee,3,
cisty,3,
che,3,
ostatnych,3,
pomali,3,
wedet,3,
rodnej,3,
udrzat,3,
vtakov,3,
milacika,3,
nasa,3,
gavarim,3,
pivach,3,
blee,3,
sanskrit,3,
hablo,3,
navyse,3,
barz,3,
slovenske,3,
zachvilku,3,
tin,3,
hube,3,
myslela,3,
dorozumievat,3,
prvy,3,
velke,3,
praxy,3,
cudzy,3,
hahaha,3,
ukrainsky,3,
prizvukom,3,
musiet,3,
magyarski,3,
name,3,
drevo,3,
pi,3,
pomoci,3,
situaciach,3,
pomoze,3,
hmmmm,3,
rekreacne,3,
vidiet,3,
cooo,3,
mlcat,3,
minulosti,3,
lekcie,3,
postupne,3,
trozku,3,
francuzskom,3,
deci,3,
mini,3,
prekladac,3,
londyne,3,
kecam,3,
zvladla,3,
nemeckya,3,
was,3,
ktoru,3,
hlane,3,
italsky,3,
papuli,3,
trosticku,3,
semtam,3,
tolkokrat,3,
amater,3,
nevie,3,
stran,3,
povie,3,
coca,3,
volam,3,
france,3,
berte,3,
fraza,3,
manzelov,3,
cesko,3,
min,3,
slovanske,3,
only,3,
magyarcina,3,
dto,3,
ppp,3,
psom,3,
och,3,
francuzki,3,
expert,3,
prvom,3,
matne,3,
neandertalsky,3,
karate,3,
kazdom,3,
what,3,
plynulo,3,
englis,3,
strednej,3,
krasny,3,
ucitelka,3,
vychodniarsky,3,
snaziim,3,
inee,3,
vi,3,
tha,3,
swoy,3,
ovladacom,3,
prilezitosti,3,
pocita,3,
srdci,3,
cez,3,
cech,3,
nemeckym,3,
tatarom,3,
pusy,3,
nam,3,
tibetsky,3,
potrebne,3,
venovat,3,
romstinu,3,
vcelku,3,
grectina,3,
taj,3,
jest,3,
f,3,
rozumela,3,
anglicanom,3,
sr,3,
nezvladam,3,
litt,3,
im,3,
nur,3,
bitte,3,
duncom,3,
nemnozka,3,
nahovno,3,
nez,3,
anglisky,3,
swoooj,3,
zee,3,
be,3,
pomerne,3,
gavaris,3,
totiz,3,
heeh,3,
jedna,3,
madarske,3,
dale,3,
ovladas,3,
japonski,3,
uviest,3,
takmer,3,
which,3,
skoncila,3,
narecovy,3,
tomto,3,
mongolstina,3,
nemecko,3,
rukama,3,
oprasim,3,
naratat,3,
cecky,3,
madarciny,3,
stipku,3,
japonstinu,3,
pripadne,3,
cias,3,
vychodnarsky,3,
stadiu,3,
latincine,3,
srbochorvatsky,3,
nejaka,3,
talianskeho,3,
drzy,3,
dako,3,
medzinarodny,3,
ratat,3,
koktat,3,
hovoria,3,
irecky,3,
naucili,3,
as,3,
zaujmu,3,
mozete,3,
myslel,3,
guten,3,
akotak,3,
cola,3,
sakra,3,
or,3,
mandarinsky,3,
nohama,3,
slovenska,3,
zrovna,3,
osoby,3,
tusim,3,
baby,3,
svedski,3,
posunkami,3,
mate,3,
pouzijem,3,
pise,3,
aki,3,
zazraky,3,
fj,3,
cinski,3,
das,3,
xixixi,3,
kazdemu,3,
botaskach,3,
javascript,3,
talianky,3,
tatarsky,3,
nho,3,
cinnosti,3,
taliancine,3,
eskimacky,3,
vieme,3,
fuha,3,
podary,3,
french,3,
frajerkin,3,
nieto,3,
tou,3,
troskuuu,3,
poslucha,3,
dokaze,3,
hrdy,3,
nik,3,
najebany,3,
dialkovym,3,
jemu,3,
pascal,3,
prve,3,
ludsky,3,
nemnoska,3,
chyba,3,
krajine,3,
skola,3,
zadni,3,
mine,3,
nepytajte,3,
snazila,3,
vlahovsky,3,
svojich,3,
dddddd,3,
mongolctinu,3,
maybe,3,
krvi,3,
istych,3,
vsetkyy,3,
latinu,3,
troskuu,3,
nemcom,3,
dat,3,
neovladal,3,
frazy,3,
somozrejme,3,
hlaholiku,3,
ciste,3,
nerobi,3,
dievcensky,3,
pokrocilej,3,
nebola,3,
rumunski,3,
sprosty,3,
jasan,3,
dostavam,3,
nemal,3,
spomeniem,3,
vykokcem,3,
zaciatocnicka,3,
asvoj,3,
pozeram,3,
shit,3,
celu,3,
sade,3,
spaninu,3,
mozes,3,
budes,3,
anglicka,3,
nijaki,3,
ever,3,
hlvne,3,
ruke,3,
zaujem,3,
jednou,3,
prisposobim,3,
juj,3,
procese,3,
uroven,3,
neskor,3,
technicky,3,
sex,3,
narodnu,3,
madarsy,3,
nalady,3,
malilinko,3,
neznamena,3,
doucit,3,
opacneho,3,
tal,3,
nervy,3,
lasky,3,
napis,3,
rozne,3,
tele,3,
babka,3,
pred,3,
neratam,3,
chorvatski,3,
gulas,3,
magyarszky,3,
hrozne,3,
uruguajsky,3,
vypytat,3,
zlepsujem,3,
hovadzi,3,
ukecany,3,
pocas,3,
sobotu,3,
vola,3,
staciii,3,
slovakis,3,
nasom,3,
niejake,3,
posnazim,3,
napadne,3,
vlasni,3,
tenn,3,
situacii,3,
nikoho,3,
duse,3,
hladam,3,
habe,3,
american,3,
bozsky,3,
nalepilo,3,
nitraaaansky,3,
ting,3,
pisu,3,
slovensy,3,
niesom,3,
jemne,3,
otom,3,
spoznavam,3,
dietne,3,
stava,3,
trolilinka,3,
mnozstva,3,
vyplazit,3,
daa,3,
slovaci,3,
musel,3,
magarsky,3,
oboch,3,
ulice,3,
hebrejcinu,3,
parle,3,
oblubeny,3,
cygansky,3,
wiac,3,
napisem,3,
taku,3,
pivo,3,
dig,3,
lamem,3,
slovnesky,3,
rp,3,
ucenia,3,
trochuu,3,
slvensky,3,
pochybujem,3,
vypite,3,
myslia,3,
ces,3,
vodou,3,
komunikacia,3,
norsk,3,
hoci,3,
talent,3,
neposlucha,3,
decentne,3,
anglcky,3,
zenskych,2,
priznavam,2,
vella,2,
lenn,2,
fascinuju,2,
cestinuuu,2,
bleee,2,
pletie,2,
milovaneho,2,
rodine,2,
komunikacie,2,
francuzskya,2,
madarka,2,
cista,2,
konverzacia,2,
papulke,2,
psaci,2,
partnerkin,2,
nemet,2,
oko,2,
nemu,2,
zatim,2,
slovinski,2,
zj,2,
zatail,2,
americansky,2,
nemy,2,
zahryznem,2,
zatrepem,2,
brblem,2,
tho,2,
toth,2,
analfabet,2,
dobreee,2,
are,2,
srbski,2,
slowakia,2,
dohoworit,2,
afrike,2,
nebavy,2,
presnejsie,2,
nevedel,2,
zenske,2,
vina,2,
azbuka,2,
dabujeme,2,
manzelka,2,
nemluvim,2,
stym,2,
vyuzivam,2,
pasine,2,
vybornu,2,
nemeckych,2,
aje,2,
hodi,2,
vsedky,2,
zdibec,2,
vsetkooo,2,
etanolu,2,
podrezani,2,
ganz,2,
fluent,2,
bojujem,2,
hybat,2,
neuspesne,2,
taaaak,2,
sposob,2,
sicher,2,
nebude,2,
us,2,
zbytocna,2,
venujem,2,
originalny,2,
bardzo,2,
que,2,
nepoznate,2,
pani,2,
marne,2,
primitivne,2,
truba,2,
hrozna,2,
smiechu,2,
spa,2,
samosrejme,2,
neste,2,
stave,2,
moznost,2,
priucim,2,
fajne,2,
hehehehe,2,
pozdravujem,2,
trochaa,2,
ucitelku,2,
pomlcim,2,
maarsky,2,
pandzabcina,2,
chceme,2,
celom,2,
with,2,
prepichnuty,2,
cinsko,2,
babami,2,
sla,2,
spanielsko,2,
noooo,2,
comment,2,
smere,2,
snakker,2,
urcitej,2,
genialne,2,
urcitych,2,
prasaci,2,
slovenskym,2,
niekde,2,
mozgu,2,
tvooj,2,
ucho,2,
nestacii,2,
telo,2,
slovencky,2,
sumersky,2,
dnb,2,
slabikar,2,
abglicky,2,
smola,2,
najhorsie,2,
kymkolvek,2,
najprv,2,
umim,2,
francuuzky,2,
mongol,2,
madarcine,2,
peknej,2,
romale,2,
spolahnut,2,
sellak,2,
tank,2,
lepsia,2,
polskeho,2,
slovencynu,2,
svajciarsky,2,
hungarische,2,
pohlavia,2,
vsetkom,2,
bozkawani,2,
kybel,2,
nedohovorim,2,
prihlasila,2,
ides,2,
mooojjjj,2,
klobuk,2,
pridat,2,
vseci,2,
fran,2,
anglickyyy,2,
zrejme,2,
nevis,2,
chut,2,
stacia,2,
minule,2,
dajako,2,
sarisky,2,
porozpravam,2,
nechci,2,
swahilcinu,2,
telenovely,2,
aaaaa,2,
japoncom,2,
psi,2,
varil,2,
wsak,2,
azerbajdzancina,2,
bohuzal,2,
pilne,2,
zaciatocne,2,
pokusy,2,
troooosku,2,
hebrejski,2,
naglicky,2,
prvotny,2,
klinove,2,
kery,2,
nadherny,2,
hheheh,2,
slowenskyyy,2,
uvidis,2,
magiarsky,2,
hija,2,
manzelkyn,2,
ochrnuty,2,
somalsky,2,
germany,2,
vymkne,2,
delphy,2,
nedalo,2,
polovicu,2,
nato,2,
tymto,2,
chodila,2,
des,2,
gramatika,2,
natrieskany,2,
hociakym,2,
ciips,2,
neaky,2,
drum,2,
palce,2,
poliakom,2,
rozhodla,2,
snom,2,
hrobe,2,
vet,2,
oral,2,
menovat,2,
spanielstina,2,
ustny,2,
srandu,2,
valamit,2,
zvlada,2,
normalne,2,
pochopit,2,
vseliaky,2,
pusinke,2,
vselijake,2,
tuzim,2,
ajj,2,
patrilo,2,
mrstny,2,
sebou,2,
nestazuje,2,
blbost,2,
slizky,2,
wm,2,
bu,2,
abo,2,
forme,2,
milovany,2,
slovnsky,2,
yb,2,
coraz,2,
opytat,2,
krajinach,2,
sto,2,
predvediem,2,
mocenski,2,
nepoznas,2,
male,2,
mrazu,2,
mnam,2,
njekedy,2,
vselijak,2,
halvne,2,
hier,2,
neuverite,2,
jedeni,2,
juhoslovensky,2,
zakl,2,
boh,2,
hollansky,2,
posledny,2,
popripade,2,
franina,2,
niesu,2,
uga,2,
kocovnych,2,
slovnika,2,
olaski,2,
srpski,2,
nemala,2,
try,2,
ustne,2,
neowlaadam,2,
chvilku,2,
joj,2,
nebolo,2,
cele,2,
dar,2,
rohoznicki,2,
cestujem,2,
cecensky,2,
pat,2,
bhojpuri,2,
ustipacny,2,
neverbalna,2,
francuzkom,2,
ubohe,2,
troxen,2,
ponuke,2,
ddddd,2,
otazky,2,
francuzskeho,2,
lava,2,
odpoved,2,
odhodlam,2,
esteee,2,
nudze,2,
lepit,2,
kazdi,2,
najlebsie,2,
picoviny,2,
danstinu,2,
stela,2,
nezomrel,2,
ovsem,2,
kontroly,2,
vymenovat,2,
sarissky,2,
jednom,2,
dankov,2,
nemozu,2,
napise,2,
ss,2,
mozna,2,
vic,2,
profesionalnej,2,
nemeck,2,
franc,2,
spanku,2,
drn,2,
voobec,2,
lan,2,
zvuk,2,
pijeme,2,
fuu,2,
tupy,2,
nemecka,2,
rukamy,2,
prelozi,2,
fuuuha,2,
vlahovski,2,
majstrovsky,2,
niaky,2,
volaky,2,
vypneme,2,
xcem,2,
aale,2,
aber,2,
svo,2,
hned,2,
gruzinsky,2,
daleka,2,
magiarski,2,
dake,2,
uteka,2,
noci,2,
vykoktala,2,
badicki,2,
pametam,2,
miestami,2,
zlepsila,2,
zubami,2,
slecny,2,
recu,2,
pismo,2,
bozkavat,2,
europsky,2,
niektory,2,
slovencine,2,
kann,2,
hieroglify,2,
dovol,2,
wtf,2,
dobreho,2,
posteli,2,
locansky,2,
posudia,2,
neovladatelny,2,
profik,2,
wenig,2,
nebudete,2,
piatich,2,
hadat,2,
egy,2,
sval,2,
polstiny,2,
niekdy,2,
profka,2,
stracam,2,
pochytil,2,
najsamlepsi,2,
nedokazem,2,
ee,2,
hodinach,2,
doteraz,2,
hotentot,2,
nvm,2,
panimajem,2,
nabruseny,2,
nakolko,2,
rusnacky,2,
vite,2,
sesternicu,2,
dostala,2,
komunikovat,2,
sila,2,
proti,2,
prekladat,2,
pravidlo,2,
truchu,2,
dorozumeju,2,
narecia,2,
hybem,2,
rodicia,2,
dddddddddd,2,
tres,2,
zavislosti,2,
moooooj,2,
franzosisch,2,
kanadsky,2,
francuski,2,
paradne,2,
holky,2,
najlahsi,2,
tvojich,2,
nitrianski,2,
samozerejme,2,
vplivom,2,
manzelkin,2,
dorozumievanie,2,
trosinku,2,
angicky,2,
nalade,2,
nenaucili,2,
citam,2,
vu,2,
ugandsky,2,
vtip,2,
nohamy,2,
neminou,2,
kicsit,2,
nebojte,2,
arabciny,2,
ket,2,
priatelkyn,2,
pochytila,2,
bezchybne,2,
madarsk,2,
jednozacne,2,
dohoworim,2,
swahilcina,2,
spanielskya,2,
najnovsie,2,
inym,2,
kazde,2,
narozdiel,2,
zmaturujem,2,
nechcela,2,
madarskyyyyyyy,2,
vsetkemu,2,
pocut,2,
zatat,2,
prostrednictvom,2,
trepnem,2,
dasa,2,
najdem,2,
arabsko,2,
znam,2,
druha,2,
papulovanie,2,
typ,2,
swojim,2,
tychto,2,
fuuuu,2,
problemov,2,
dorozumievam,2,
suvislu,2,
topanok,2,
spanielski,2,
volako,2,
sranda,2,
sest,2,
anglicanovi,2,
dievcatami,2,
ugrofinsky,2,
nepametam,2,
gitu,2,
gramaticky,2,
ezdecky,2,
one,2,
wo,2,
internacionalny,2,
hezky,2,
zivote,2,
cela,2,
nikedy,2,
svetovych,2,
spanelsky,2,
svojjjj,2,
akoby,2,
cast,2,
dala,2,
nechcelo,2,
narabat,2,
gudzaracina,2,
anglinou,2,
zlahka,2,
pokrocilu,2,
ver,2,
osem,2,
sovensky,2,
nehovori,2,
fluently,2,
opijem,2,
mandarinsku,2,
sms,2,
dobri,2,
malej,2,
enge,2,
saa,2,
tajne,2,
maturitu,2,
macaci,2,
ok,2,
made,2,
starosloviensky,2,
sprachujem,2,
tade,2,
hlupost,2,
neako,2,
malicku,2,
nevadi,2,
svojjjjj,2,
znameho,2,
keine,2,
m,2,
starosloviencina,2,
klamat,2,
skromna,2,
ruska,2,
chodil,2,
profesorky,2,
ceni,2,
daku,2,
niecomu,2,
ska,2,
svoooooooj,2,
picovina,2,
teta,2,
langsam,2,
statnicu,2,
papuansky,2,
netreba,2,
pouzivat,2,
inokedy,2,
nedali,2,
ingles,2,
jaaaj,2,
prvomrade,2,
tazsie,2,
wediet,2,
jazykovedec,2,
nenazval,2,
mina,2,
zivota,2,
niektori,2,
anglistina,2,
hooo,2,
tazky,2,
zneho,2,
nielen,2,
situacie,2,
tich,2,
daj,2,
sprosta,2,
myllo,2,
lamana,2,
nefim,2,
lerne,2,
naas,2,
neudrzim,2,
nemeckemu,2,
tos,2,
hurt,2,
kmenove,2,
poharikoch,2,
sarkasticky,2,
poskromnejsie,2,
ceskoslovensky,2,
nepozna,2,
ortodoxna,2,
veta,2,
vodky,2,
zvedavi,2,
cudzim,2,
wsetko,2,
ay,2,
hlevne,2,
swatch,2,
partnerkyn,2,
zakokcem,2,
slovennsky,2,
ton,2,
cel,2,
zmrzlinu,2,
prisposobit,2,
skvele,2,
rozumel,2,
trapim,2,
prehanat,2,
lem,2,
dohovoris,2,
mooc,2,
setci,2,
slevensky,2,
oblastiach,2,
ugande,2,
can,2,
secqy,2,
povim,2,
chacu,2,
danski,2,
pravdazee,2,
francaise,2,
lil,2,
cze,2,
rocky,2,
javneracky,2,
komunikatyvne,2,
mama,2,
bohate,2,
svojmu,2,
vietnamsky,2,
nutne,2,
selijaky,2,
dokonala,2,
vyjadrovat,2,
trapas,2,
jankov,2,
cinanom,2,
ucimm,2,
ssa,2,
drzte,2,
tzv,2,
zistil,2,
dajak,2,
francuuuuzsky,2,
otazku,2,
niektorym,2,
strany,2,
okolnostiach,2,
ciao,2,
dohodnut,2,
basnicku,2,
medze,2,
slowakisch,2,
vplyvom,2,
kebi,2,
zistila,2,
vseliake,2,
hebrejctinu,2,
ruskeho,2,
samozrajme,2,
pochopili,2,
howorim,2,
troxa,2,
pojacky,2,
najlepssie,2,
pokrocili,2,
celi,2,
slovenskyyyyy,2,
slowenskyy,2,
moy,2,
wie,2,
end,2,
finstina,2,
korejcinu,2,
neovlada,2,
jeg,2,
prilis,2,
vyber,2,
ucenie,2,
ce,2,
nepiste,2,
nitraaanskyy,2,
anglis,2,
bohvieako,2,
dobrovolne,2,
prd,2,
cestine,2,
niet,2,
francuztina,2,
nemeckytroska,2,
takisto,2,
skolskych,2,
uuuplne,2,
anglistiny,2,
studovat,2,
slovenskom,2,
poznas,2,
spolocnosti,2,
znalost,2,
oder,2,
fu,2,
trosililinka,2,
kvoly,2,
el,2,
oprasit,2,
rozmyslam,2,
switched,2,
ulacky,2,
chuti,2,
japonciny,2,
dokopy,2,
rozumeju,2,
treti,2,
rano,2,
inej,2,
three,2,
swojjjj,2,
narodenia,2,
ugrofinstina,2,
teeen,2,
cestky,2,
profesional,2,
dal,2,
rychlo,2,
fele,2,
nastastie,2,
drsny,2,
trosickuu,2,
zdrastvuj,2,
vyvolenych,2,
pit,2,
nareciach,2,
neovlaadam,2,
red,2,
zapracovat,2,
smeroch,2,
sesky,2,
ktovie,2,
samozrejmost,2,
roomsky,2,
talincinu,2,
africkych,2,
lingvista,2,
nozom,2,
osobkou,2,
francuzak,2,
nagyon,2,
zabudli,2,
worst,2,
hr,2,
totalny,2,
also,2,
predmety,2,
olvedi,2,
trnavsky,2,
dalsi,2,
zisla,2,
nemeckom,2,
neva,2,
mena,2,
am,2,
pasiv,2,
huby,2,
stara,2,
jazyckovu,2,
rezervou,2,
slabe,2,
deutche,2,
prelozit,2,
jozkov,2,
lapasky,2,
maturita,2,
slovemsky,2,
hungar,2,
polstinu,2,
tejn,2,
solo,2,
blbu,2,
slovenka,2,
zaadny,2,
slovenki,2,
ded,2,
le,2,
mislim,2,
magyarszki,2,
mozte,2,
poslovensky,2,
nepovedala,2,
dostatocne,2,
uprimne,2,
posunky,2,
castecne,2,
musis,2,
jazicek,2,
sllovensky,2,
styri,2,
rozumim,2,
aaaaaa,2,
jaaj,2,
troksu,2,
vselijaky,2,
nevyjadrujem,2,
von,2,
nejakej,2,
pokrocilom,2,
madarasky,2,
troschen,2,
llen,2,
najdu,2,
jetzt,2,
liebe,2,
tong,2,
najepsie,2,
vyrazy,2,
they,2,
jednej,2,
indicky,2,
nemcinuuu,2,
popri,2,
parles,2,
finski,2,
zisti,2,
hovedzi,2,
konci,2,
romstina,2,
parusky,2,
nechvalim,2,
kecat,2,
noch,2,
franuzky,2,
jurkov,2,
ohybny,2,
ties,2,
mrzi,2,
zvladnut,2,
pouzit,2,
but,2,
bon,2,
ktorym,2,
mein,2,
wela,2,
pravopis,2,
juuj,2,
traposime,2,
takk,2,
nepomohlo,2,
francudzsky,2,
secki,2,
mudry,2,
opilecky,2,
ewer,2,
magarski,2,
mongolcinu,2,
polskemu,2,
zeee,2,
naladu,2,
uboho,2,
it,2,
stebov,2,
maju,2,
much,2,
velakrat,2,
boze,2,
wlastny,2,
ceskyyyyy,2,
piercingovy,2,
nadovsetko,2,
spod,2,
slovnikom,2,
mongolom,2,
samozreme,2,
vseliako,2,
absolutne,2,
nist,2,
zahranici,2,
ortodoxnu,2,
ovlaadam,2,
put,2,
hehehhe,2,
aglicky,2,
hispansky,2,
vychod,2,
anglickym,2,
povinne,2,
vlasti,2,
samozrejem,2,
mojou,2,
roku,2,
tedy,2,
slabucko,2,
nehovorila,2,
madarskyy,2,
ruzove,2,
nevedela,2,
nestem,2,
non,2,
rodne,2,
off,2,
jeblu,2,
bleeeee,2,
zabudnuty,2,
cmuq,2,
jazykovo,2,
sprostejsi,2,
slovenku,2,
sprava,2,
zbran,2,
koktavo,2,
hlavna,2,
fis,2,
patriot,2,
for,2,
seckyyyy,2,
vymyslu,2,
italienisch,2,
lubim,2,
kazdim,2,
akom,2,
cinstinu,2,
snazil,2,
slovensk,2,
ferkov,2,
kein,2,
china,2,
sovietsky,2,
kolinansky,2,
polovice,2,
frajerov,2,
vynadat,2,
lekcii,2,
zmrzku,2,
zaujimave,2,
desiatich,2,
bass,2,
nadany,2,
arabstinu,2,
casy,2,
obydva,2,
sovj,2,
ahoj,2,
mnooo,2,
podarii,2,
oooo,2,
smozrejme,2,
zadrem,2,
tuk,2,
echm,2,
delphi,2,
tvojej,2,
sprechovat,2,
persky,2,
samoska,2,
nenawidim,2,
spikujem,2,
odo,2,
noc,2,
postaci,2,
grectinu,2,
trenujem,2,
svahilcinou,2,
univerzalny,2,
netusim,2,
krasne,2,
tuke,2,
gramatiky,2,
nechaj,2,
dobe,2,
blaaa,2,
svahilstinu,2,
narodnosti,2,
mojom,2,
ucitela,2,
mimo,2,
rokom,1,
fuhrer,1,
mnho,1,
zevrjar,1,
nepusti,1,
trooosicku,1,
tada,1,
pohlad,1,
arabe,1,
hovorcu,1,
nevydava,1,
zlozvykom,1,
nevyplazujem,1,
spocitat,1,
jerevan,1,
csopet,1,
vulgarne,1,
donde,1,
papulnata,1,
dasi,1,
preskusat,1,
mnoa,1,
spravi,1,
anemcinu,1,
heeeelp,1,
sympaticku,1,
desatinu,1,
nedavno,1,
moocenskyy,1,
sommm,1,
neustrazim,1,
nebudes,1,
naucia,1,
zahvilku,1,
vratane,1,
mso,1,
dvomi,1,
ktoo,1,
volaj,1,
spanielcinaa,1,
byvalo,1,
potvor,1,
francuzaka,1,
hatmatilka,1,
pacil,1,
zvlast,1,
narodnii,1,
jazycnica,1,
cigancina,1,
trosiiiicka,1,
nadavaju,1,
dedina,1,
obydve,1,
vlastnyyy,1,
onedlho,1,
pevne,1,
como,1,
nestacia,1,
csak,1,
zastihla,1,
vymleta,1,
nitraanskii,1,
talianske,1,
applescript,1,
talianksy,1,
xml,1,
morning,1,
nenaucil,1,
arab,1,
ajk,1,
jsne,1,
zachytim,1,
pane,1,
minutovy,1,
doplom,1,
cigasky,1,
franzusky,1,
slovanskych,1,
ass,1,
kambodzsky,1,
tov,1,
naker,1,
sagen,1,
pritrafi,1,
moooooooj,1,
pome,1,
makak,1,
navrsil,1,
hovezi,1,
wekazdy,1,
kolien,1,
esta,1,
pouvazovala,1,
zistite,1,
zacatecnik,1,
ulicuuuuuuuu,1,
chrchlat,1,
japoncinou,1,
viacej,1,
guuuten,1,
najlepsije,1,
lefantovsky,1,
zapadoslovencine,1,
eslovaco,1,
robieva,1,
prehlaseny,1,
berlin,1,
nezhodnu,1,
anglickej,1,
madare,1,
najvaaaac,1,
toska,1,
swedish,1,
vsevedo,1,
heeeh,1,
dokazuju,1,
siskam,1,
iked,1,
muchtest,1,
skriatkovsku,1,
nanho,1,
nestaciii,1,
nestoji,1,
alquanto,1,
hungaris,1,
ostiepke,1,
spravny,1,
shanghaisky,1,
dizlektik,1,
brusku,1,
koment,1,
swojja,1,
askabatsky,1,
excelentne,1,
krcmovy,1,
zrusili,1,
zacian,1,
longo,1,
trebarz,1,
ledwa,1,
trosk,1,
guinei,1,
ducim,1,
ucku,1,
nitrancinuu,1,
fuga,1,
takto,1,
cumizgumi,1,
upresnit,1,
rozpravok,1,
alkoholicky,1,
pomilil,1,
kalimeeeeera,1,
opiti,1,
smiesnanu,1,
hrbu,1,
taliansi,1,
viditee,1,
post,1,
zmenila,1,
xmmm,1,
zaspievam,1,
blcha,1,
sloveensky,1,
poctu,1,
pralinky,1,
jazikov,1,
hlavy,1,
vidis,1,
jezyku,1,
ponukne,1,
brutal,1,
dansku,1,
kurz,1,
kazedej,1,
divneee,1,
zlatko,1,
ponadavat,1,
jou,1,
tuheho,1,
fujj,1,
brblat,1,
basni,1,
najlesi,1,
hendikepovany,1,
mandarinciny,1,
zili,1,
hocijaky,1,
aano,1,
dhe,1,
mexico,1,
pozeral,1,
fasizmom,1,
predstavovat,1,
siemens,1,
maturoval,1,
udajne,1,
segru,1,
mutere,1,
docasny,1,
svajcarsky,1,
hebrejscinuuuuu,1,
gde,1,
dohoworiiim,1,
zastrci,1,
girls,1,
narecie,1,
cabajskyyyyyyy,1,
zbohom,1,
vladnut,1,
posulame,1,
tits,1,
francuzstinam,1,
zuzke,1,
terez,1,
nenapisem,1,
henriii,1,
dskor,1,
cakat,1,
slovenskoo,1,
nahodou,1,
kuknut,1,
grganie,1,
uuvodzovkami,1,
potit,1,
medarsky,1,
viadalem,1,
kratsie,1,
nikomu,1,
klingovsky,1,
http,1,
tomuto,1,
grafitacky,1,
japocinu,1,
negramotnost,1,
vstky,1,
pikolino,1,
nichts,1,
klasicky,1,
papulky,1,
juhoslavii,1,
bodky,1,
its,1,
neeeeeeeeeee,1,
unserem,1,
krasivaja,1,
nepouzival,1,
oddd,1,
aaj,1,
andas,1,
tebe,1,
slipknot,1,
dalsiich,1,
cudzojazycny,1,
milovat,1,
masvare,1,
krcmova,1,
svetovooo,1,
chech,1,
skv,1,
smutno,1,
plati,1,
unavena,1,
angliski,1,
znamy,1,
morzeowku,1,
fucking,1,
mkadarsky,1,
skymkolvek,1,
all,1,
oblubil,1,
slavny,1,
skolu,1,
nici,1,
madaske,1,
tchiu,1,
vdety,1,
hatla,1,
weiter,1,
pleco,1,
zacina,1,
zaujimava,1,
niiic,1,
cinske,1,
manik,1,
dpodla,1,
fyzickej,1,
vyskuusaaaat,1,
how,1,
deti,1,
jas,1,
vietnamski,1,
hlavnne,1,
tarkova,1,
tovezme,1,
strajchol,1,
slovenszki,1,
spokojna,1,
znie,1,
slovakish,1,
swanc,1,
babenku,1,
coooo,1,
konzumnej,1,
vipraawam,1,
afagafaniskifiwifi,1,
zahranicni,1,
povod,1,
vrtky,1,
vravieva,1,
nemeckyd,1,
pochopil,1,
nechutne,1,
nemeckoanglickorusky,1,
lepsii,1,
ceky,1,
traapi,1,
slovoo,1,
kazdu,1,
vilag,1,
spytat,1,
xiix,1,
prt,1,
senorita,1,
xalanox,1,
fraancuzkonemeckospianelskoslovensky,1,
slou,1,
inaksi,1,
funguje,1,
nevidno,1,
nalepi,1,
mind,1,
jazykovka,1,
hatatitla,1,
katalancina,1,
mol,1,
hebrejcine,1,
vulgarni,1,
cangvajsky,1,
cigaansky,1,
takzeee,1,
anglickyyyyd,1,
advanced,1,
slovka,1,
pouziat,1,
janka,1,
prawdazhe,1,
polskya,1,
nepise,1,
wedel,1,
sklony,1,
skolsky,1,
napodarilo,1,
nebudeeem,1,
dvojzmyselne,1,
skusite,1,
batch,1,
saaduista,1,
viacmenej,1,
dvlastne,1,
zacinala,1,
kod,1,
zenskom,1,
original,1,
nefiem,1,
nepovieeem,1,
grimasy,1,
daale,1,
zmeriam,1,
madarrsky,1,
neposlusny,1,
trosiicka,1,
vardz,1,
gapes,1,
europy,1,
dopadnu,1,
dacoo,1,
profesori,1,
spisovnu,1,
zime,1,
nestazovala,1,
piv,1,
tvrdia,1,
bitches,1,
praktizovat,1,
nerepadla,1,
pokracovat,1,
luckaa,1,
coldfusion,1,
nemeckyako,1,
pozostatky,1,
niekym,1,
hanbim,1,
pelle,1,
zuby,1,
pokojne,1,
francuuuzky,1,
nejakeho,1,
chujovina,1,
vtipnee,1,
chceli,1,
cudziimi,1,
andere,1,
prekvapena,1,
flash,1,
normale,1,
otazne,1,
poradit,1,
opic,1,
tut,1,
gotcina,1,
jednoducho,1,
xcelo,1,
neveim,1,
jidis,1,
peknych,1,
konzultujem,1,
vrr,1,
neaktivne,1,
trosky,1,
kodujem,1,
better,1,
kanalgrazel,1,
zavezovani,1,
pribudnu,1,
londynsky,1,
udeny,1,
pradavnych,1,
profesorku,1,
akokolvek,1,
mich,1,
slovencinqa,1,
trosilililinku,1,
flexibilne,1,
jon,1,
angielski,1,
neaka,1,
zabava,1,
macinkov,1,
zamotany,1,
chlapa,1,
prstami,1,
milano,1,
vtopanke,1,
vikinka,1,
wzdy,1,
enlgisssh,1,
cinska,1,
hodine,1,
cudujem,1,
hhe,1,
zamachroval,1,
vpodstate,1,
jazikom,1,
neraata,1,
akej,1,
gonekova,1,
madasrky,1,
nepomoze,1,
zsamozrejme,1,
ewa,1,
netrepnem,1,
nepoznany,1,
chapes,1,
stvorku,1,
trosenka,1,
poctivo,1,
muhaha,1,
silnee,1,
dutch,1,
zapotim,1,
zachce,1,
pracovala,1,
anglicko,1,
ronalda,1,
kazachsstinu,1,
neuhadne,1,
slownikom,1,
madarstini,1,
dakuscicko,1,
cypersky,1,
pobyt,1,
vlastnost,1,
pomelem,1,
nepoviem,1,
druh,1,
narustinu,1,
slowaci,1,
paar,1,
strcim,1,
pantomimy,1,
obcasne,1,
somarinu,1,
tralalalala,1,
clarissa,1,
tohop,1,
provokatyvny,1,
zalubou,1,
hadm,1,
pl,1,
polnoci,1,
oci,1,
nef,1,
cinstiny,1,
cc,1,
nemecy,1,
obratne,1,
zvlastnych,1,
specialny,1,
klarika,1,
rozsireniu,1,
virezani,1,
uplny,1,
nco,1,
seta,1,
slapka,1,
sposobuje,1,
dop,1,
francuuzsky,1,
nemeckyaten,1,
laponcinu,1,
nakupovani,1,
korej,1,
ennen,1,
anglinsky,1,
nenazyvala,1,
neprestanu,1,
drvia,1,
prstom,1,
habadej,1,
chvastat,1,
exe,1,
vrodeny,1,
hamburgu,1,
wam,1,
nenasli,1,
seckyyy,1,
lentak,1,
cestiny,1,
too,1,
biflosko,1,
switch,1,
sovenski,1,
najwiacc,1,
japnshy,1,
norstina,1,
muka,1,
spahilcini,1,
aku,1,
ki,1,
mys,1,
svetom,1,
chlapcov,1,
galcina,1,
sein,1,
uveri,1,
ghetto,1,
tvoja,1,
dialky,1,
ucam,1,
krajnych,1,
litry,1,
detsky,1,
nezapisujem,1,
nooooooooooooo,1,
kaputt,1,
twooooy,1,
akym,1,
kazheho,1,
ezdecki,1,
prekladam,1,
koejsky,1,
zakladnu,1,
orcish,1,
vyhravam,1,
diabolskym,1,
zahrnuja,1,
rozumieem,1,
mackica,1,
bezkonkurencne,1,
ironicky,1,
rokow,1,
jazikoch,1,
debutante,1,
ferov,1,
viacerych,1,
slovniku,1,
guma,1,
cecka,1,
dostacujuco,1,
vacsinu,1,
hildstina,1,
cha,1,
nechcite,1,
papui,1,
robo,1,
vyucbu,1,
cezki,1,
nemeckaa,1,
picham,1,
medzerami,1,
ziadnej,1,
rana,1,
francuuuzsky,1,
swahill,1,
anglitcina,1,
kukurictina,1,
madara,1,
slovensti,1,
snazia,1,
zaujiiiima,1,
eblandstinu,1,
josko,1,
kraviny,1,
kendrova,1,
aanglicky,1,
povinny,1,
anglickii,1,
peknu,1,
der,1,
nesli,1,
catala,1,
neverbalny,1,
koreisky,1,
vyzaduje,1,
svajciarskemu,1,
zubky,1,
mnozka,1,
uu,1,
reperski,1,
snazym,1,
africke,1,
imperalistickeho,1,
nezahryziem,1,
smutku,1,
etudiante,1,
mimoriadne,1,
dedincinu,1,
dajte,1,
jazyyyk,1,
zewraj,1,
naadhernyy,1,
pouzivaju,1,
materinu,1,
maili,1,
nepriamo,1,
neminy,1,
ovladaniim,1,
slowakisss,1,
lave,1,
love,1,
mocky,1,
snat,1,
tomi,1,
martinov,1,
sspanielcinu,1,
nepouzivanim,1,
exceloval,1,
grilussovu,1,
visii,1,
zavadza,1,
jang,1,
zwei,1,
iucim,1,
mojxd,1,
nesnazte,1,
bielorusky,1,
assembler,1,
antarktidsky,1,
uuuuuuuuuplne,1,
funguju,1,
podarilo,1,
slensky,1,
eln,1,
stranke,1,
doktorov,1,
dobrenevim,1,
auf,1,
stousty,1,
toaleta,1,
jambo,1,
lav,1,
espanool,1,
misaci,1,
cechy,1,
radiu,1,
fm,1,
nieako,1,
francuzski,1,
somm,1,
vynajst,1,
sporsti,1,
dpc,1,
neukazuje,1,
witches,1,
nemeckytak,1,
zistis,1,
aem,1,
vykonneho,1,
pohlawia,1,
nejlepsie,1,
vypotil,1,
vylepsovat,1,
septembri,1,
megy,1,
hyperaktivne,1,
lakala,1,
tolkienove,1,
vlavo,1,
swein,1,
nacvicovat,1,
severneho,1,
anjelskym,1,
mlsny,1,
toh,1,
lasku,1,
pohoo,1,
trocsickuuu,1,
neuci,1,
het,1,
sesterki,1,
rozsantiii,1,
nechytam,1,
nejakou,1,
omylu,1,
zoeken,1,
efta,1,
asasurcinu,1,
zdravie,1,
ustockach,1,
beeeee,1,
robii,1,
latiny,1,
slovenskua,1,
neexistoval,1,
aktivnejsie,1,
ucia,1,
anglikaa,1,
studovala,1,
nohaat,1,
francustinov,1,
ovladatelny,1,
lepi,1,
scolarium,1,
tichych,1,
latinsko,1,
madorsky,1,
pocuvam,1,
naazvy,1,
nevladze,1,
bozkavam,1,
palcom,1,
dostatocna,1,
espanialo,1,
kohutik,1,
stv,1,
japoncov,1,
jeeedna,1,
hieroglyfy,1,
statnica,1,
neeee,1,
potomok,1,
akjfb,1,
cenii,1,
ucky,1,
zienke,1,
nije,1,
ledabolo,1,
malem,1,
atraktivne,1,
hata,1,
ryyyychlo,1,
zlizal,1,
prevetrat,1,
necakaj,1,
zial,1,
grecko,1,
bracha,1,
pcstinu,1,
io,1,
franinou,1,
szeretnek,1,
woalco,1,
mmagyarski,1,
bozkoch,1,
angklicky,1,
taliasky,1,
saky,1,
druhyx,1,
zajedon,1,
chr,1,
pokeci,1,
zarucene,1,
komjacky,1,
bych,1,
ciernohorsky,1,
ch,1,
papieri,1,
ofsem,1,
nemeckky,1,
cestoval,1,
opitat,1,
bohvi,1,
hanba,1,
klingonstinu,1,
rovnaky,1,
damn,1,
budapest,1,
simonidas,1,
vedeli,1,
alo,1,
ghancinou,1,
pottera,1,
holadsky,1,
futbalovy,1,
nemeeckyy,1,
ponimani,1,
kepezsky,1,
burana,1,
postupom,1,
saaak,1,
cock,1,
otm,1,
trchu,1,
dslovensky,1,
sjbuiw,1,
nieecoo,1,
buducna,1,
greek,1,
tuzba,1,
debilcinu,1,
literaturu,1,
blizkosti,1,
troosicku,1,
nelezi,1,
ukecam,1,
tomorrow,1,
dcelkom,1,
tensvoj,1,
indonezky,1,
cypre,1,
hcndjcnhj,1,
jednostky,1,
ansi,1,
konga,1,
otvori,1,
fragolla,1,
dobrze,1,
mehehe,1,
milovanej,1,
divi,1,
finstine,1,
grcky,1,
ciganstiny,1,
adirer,1,
tonov,1,
cavosan,1,
podotykam,1,
nash,1,
herr,1,
nesom,1,
zmeni,1,
zi,1,
napoleona,1,
gustas,1,
trhu,1,
mesace,1,
romskii,1,
njj,1,
cudovali,1,
recnit,1,
xdxdxd,1,
naha,1,
malaby,1,
nakecam,1,
hudobne,1,
najlepieee,1,
holandstina,1,
juuuuuuuuuuj,1,
zda,1,
mierou,1,
troochu,1,
cechmi,1,
sucastnosti,1,
veeem,1,
eeeeh,1,
domorodych,1,
ukecane,1,
skoole,1,
bratrancov,1,
bonus,1,
jama,1,
napijem,1,
muuuuj,1,
cikanskych,1,
nezdochnem,1,
past,1,
cinanskyy,1,
sana,1,
madsarsky,1,
svece,1,
tagalsky,1,
alzirsky,1,
rozvrhu,1,
coho,1,
ic,1,
neheh,1,
naroda,1,
rakvakemping,1,
srdce,1,
prekvaapit,1,
hovnoo,1,
grabar,1,
neujde,1,
centrum,1,
dopredu,1,
mondokuwat,1,
vyplyva,1,
pipkou,1,
uzemi,1,
meeeeeeee,1,
buducom,1,
aanii,1,
trepne,1,
toyota,1,
koneec,1,
technike,1,
blazen,1,
gvoli,1,
perzstina,1,
sexica,1,
veku,1,
hlawneee,1,
beszelem,1,
nekto,1,
maturovat,1,
mazari,1,
vyguglim,1,
transleiter,1,
devacka,1,
gurunstinu,1,
kopa,1,
neluubi,1,
preplo,1,
jorubcina,1,
polstine,1,
nepodari,1,
ocami,1,
chalan,1,
repa,1,
japan,1,
otestovat,1,
anglicqyy,1,
podhoransky,1,
neuam,1,
radu,1,
neodvazim,1,
gehtes,1,
paralizovany,1,
prip,1,
chren,1,
twoji,1,
kontaktu,1,
hebrejstina,1,
mlaskava,1,
biologia,1,
zahoracky,1,
poskytuju,1,
prustina,1,
een,1,
spolocensky,1,
juznu,1,
muaithai,1,
few,1,
slovenskiiiiiiiiiiiii,1,
budemm,1,
obdobi,1,
marklarsky,1,
polscina,1,
ovladali,1,
tarajcina,1,
jing,1,
zatnem,1,
vid,1,
madarot,1,
sekane,1,
mucho,1,
hluchonemi,1,
dobieham,1,
zahriznem,1,
nestaraj,1,
fucket,1,
piersom,1,
laske,1,
dociahnem,1,
ales,1,
celuste,1,
madarov,1,
ustah,1,
selkom,1,
mais,1,
lukacowsky,1,
susedka,1,
predca,1,
rochu,1,
tibetskych,1,
zapracujem,1,
popravde,1,
sprechcensie,1,
rauchen,1,
your,1,
bozou,1,
pooorrr,1,
vyspelost,1,
malu,1,
ohna,1,
jebnem,1,
zvedava,1,
ucitelky,1,
mozgom,1,
nepriznavam,1,
recou,1,
kade,1,
zistujem,1,
jsbvrbjna,1,
luxusne,1,
sikmooke,1,
usopleneho,1,
partnerkinom,1,
sestrin,1,
drobatko,1,
marerinsky,1,
vzrusujuco,1,
muza,1,
neposedny,1,
flias,1,
nebavia,1,
pollo,1,
eskimakom,1,
rataju,1,
narodnostnych,1,
sturovej,1,
dvoma,1,
itasabe,1,
botki,1,
setki,1,
lizal,1,
temn,1,
svetovym,1,
cudzia,1,
ppha,1,
hoc,1,
vyplazeny,1,
taham,1,
uja,1,
tiezz,1,
kedje,1,
vrieskam,1,
nezvladnul,1,
cete,1,
lubi,1,
otrepanu,1,
odporucam,1,
negramota,1,
nevyznam,1,
skolky,1,
barsjaky,1,
vyzeralo,1,
akyces,1,
tualiansky,1,
skolenia,1,
troshka,1,
kolonka,1,
regulovat,1,
laski,1,
mother,1,
dvojcat,1,
papulou,1,
vynimka,1,
cudzine,1,
mooooooojjjjjj,1,
gavary,1,
zapadoslovensky,1,
haluttaessa,1,
etiopcinu,1,
lete,1,
vysvetlim,1,
pochopenim,1,
pribuzne,1,
behwie,1,
jebnime,1,
trosilililillilililinku,1,
pochybnosti,1,
synom,1,
croatian,1,
hovorym,1,
anyanyelvem,1,
nezna,1,
august,1,
mojmu,1,
neviiim,1,
njlepsie,1,
treraz,1,
eskimactina,1,
branili,1,
lucky,1,
notte,1,
slofeensky,1,
patek,1,
auto,1,
sprech,1,
zacial,1,
slovenskyd,1,
daam,1,
saak,1,
tschechisch,1,
topankovy,1,
okulare,1,
existuju,1,
chorwatcina,1,
xx,1,
piratenship,1,
taqq,1,
chcet,1,
biele,1,
doruzumiet,1,
vecne,1,
pravemu,1,
ticha,1,
mraky,1,
london,1,
dozvies,1,
najlepsje,1,
zahambovat,1,
siice,1,
segi,1,
nezavidte,1,
byzantstina,1,
neeeeeeee,1,
nevidime,1,
ukrajinski,1,
krasna,1,
pesnickam,1,
vypotila,1,
nepotesil,1,
tjosku,1,
slovencinaaa,1,
merhaba,1,
ciganov,1,
zena,1,
chindi,1,
sakalanukovenarsky,1,
obidvoch,1,
ceny,1,
odrbavam,1,
oboje,1,
bavit,1,
ziransky,1,
natu,1,
ucm,1,
konicivaa,1,
slovickom,1,
nestane,1,
prehltol,1,
meeeee,1,
technicku,1,
vyhra,1,
slovennski,1,
oravsky,1,
bfff,1,
hieroglifoch,1,
burundstina,1,
spanielstinu,1,
odpovedou,1,
dobrych,1,
svoi,1,
zartujete,1,
podakovat,1,
comprends,1,
odborne,1,
hanblivych,1,
russky,1,
slintam,1,
snurok,1,
opakujte,1,
odvolavam,1,
neeeeeeeeeeeeeeeeeeee,1,
tovj,1,
skaredy,1,
francuzov,1,
objednat,1,
japonsko,1,
dkdeztak,1,
holansky,1,
nezahryzol,1,
krakercompetitie,1,
chino,1,
byschen,1,
astronomicky,1,
ruzovy,1,
cuzdij,1,
boskavanie,1,
zachrani,1,
pekfektne,1,
discoteka,1,
pripletie,1,
vyhlasujem,1,
prepadnem,1,
latiinskyy,1,
lingua,1,
daleko,1,
ezeket,1,
romanoo,1,
lingvisticke,1,
jahody,1,
hambit,1,
povi,1,
minus,1,
uspechu,1,
anglinov,1,
cistokrvny,1,
vyzerat,1,
chytam,1,
tisku,1,
ziriansky,1,
now,1,
kurwy,1,
porozumel,1,
mensie,1,
dievcatka,1,
swahilsky,1,
nudaaa,1,
nataso,1,
trosqa,1,
tato,1,
opicu,1,
nierne,1,
ukazal,1,
kolena,1,
ital,1,
anglisss,1,
rodnyy,1,
dakujem,1,
zosmolim,1,
japonec,1,
hocikym,1,
odtokov,1,
komjaticky,1,
seni,1,
vieleicht,1,
poziteho,1,
ky,1,
poa,1,
rozhovory,1,
slowenkqiss,1,
pouzivania,1,
zakusnem,1,
myslienkou,1,
body,1,
saram,1,
cute,1,
logopedicka,1,
papiment,1,
sri,1,
swoojj,1,
beri,1,
uatghjv,1,
malcik,1,
posumkovu,1,
nemcima,1,
verstehe,1,
hahha,1,
elfske,1,
viedni,1,
zum,1,
sadniu,1,
rodu,1,
slabee,1,
hranicami,1,
neminaaa,1,
uceni,1,
nutia,1,
byvala,1,
slovach,1,
stopercentne,1,
indonesky,1,
troxicku,1,
spielen,1,
nniitttrriiaannsskkyy,1,
neake,1,
milacka,1,
hlupakom,1,
rin,1,
pomlcme,1,
trsilinku,1,
cistinu,1,
lubeznu,1,
veeeee,1,
stanem,1,
hluchonemecky,1,
tobolo,1,
arabski,1,
hiawne,1,
bezvysledne,1,
hocikoho,1,
akreditaciu,1,
perfekne,1,
besonders,1,
twojich,1,
zdolawam,1,
dwocjornejm,1,
goes,1,
zmrzol,1,
lapastinu,1,
pigmejov,1,
mumin,1,
mamy,1,
nohu,1,
veeeeela,1,
psstt,1,
ruskym,1,
vpritomnosti,1,
taaago,1,
hihihihi,1,
cesku,1,
infaaaaaarkt,1,
tatinko,1,
francuzaku,1,
ukecana,1,
belgickej,1,
najlepsii,1,
hovoriaci,1,
mararsky,1,
nadavam,1,
johet,1,
snazili,1,
pravopysu,1,
maminou,1,
patry,1,
daks,1,
drahy,1,
madarky,1,
prahe,1,
di,1,
zmrzline,1,
eto,1,
nekonecna,1,
ludmi,1,
lotysky,1,
sakua,1,
slabulinko,1,
zistit,1,
porozumeli,1,
pravdiva,1,
vizeram,1,
kamaratov,1,
hih,1,
today,1,
cisky,1,
vb,1,
tzn,1,
chee,1,
noooooooooo,1,
jazykaa,1,
newimysleli,1,
kurde,1,
nepopletie,1,
bietnamsky,1,
sloovensky,1,
dovidenia,1,
jebavy,1,
vidi,1,
predstavte,1,
naznasam,1,
mzuri,1,
donutil,1,
quite,1,
mnooooo,1,
vzdelaana,1,
blll,1,
vmit,1,
wseliaky,1,
martansky,1,
najlepsiee,1,
dohovrim,1,
vseky,1,
normy,1,
morzeovkou,1,
arabstinou,1,
jghjxi,1,
nauciiilaa,1,
nemylit,1,
monikinym,1,
unliebe,1,
skleroza,1,
vietnamcina,1,
forrikova,1,
ahead,1,
polozme,1,
qjsbhjbshjbh,1,
dorozumet,1,
vykecala,1,
vevericiek,1,
sze,1,
premna,1,
koritnaciek,1,
istotou,1,
chrenovsky,1,
vysokej,1,
natolko,1,
pivna,1,
poradi,1,
zorientujem,1,
magyart,1,
opity,1,
newii,1,
waiatkin,1,
hatlalancinu,1,
obdivujem,1,
damit,1,
prazskom,1,
noha,1,
normalni,1,
vypluje,1,
suransky,1,
necela,1,
nudna,1,
zaujimavych,1,
celkoom,1,
kravicka,1,
mimiku,1,
yyyyyyyyyyyyyyyyyyyyyyyyyyyyyyyyyyyyyyyyyyyyyyyyyyyyyyyyyyyy,1,
chutovymi,1,
fransuzsky,1,
dovolenky,1,
vysli,1,
laposnky,1,
prida,1,
ren,1,
anglini,1,
oblubenec,1,
cechom,1,
seslovensky,1,
owlladam,1,
najnovsom,1,
tensvojslovenski,1,
mongolsy,1,
zabuudla,1,
et,1,
dohovorime,1,
female,1,
vysvetlit,1,
nedala,1,
norski,1,
trio,1,
osobou,1,
zapametala,1,
zajebaaaat,1,
sturovcina,1,
poslowensky,1,
vyhovuje,1,
petkov,1,
miiii,1,
rozpraavat,1,
zapoti,1,
zdraviii,1,
vitam,1,
chvalia,1,
sintamaisay,1,
trnafsky,1,
dammen,1,
spanielskom,1,
japoncikmi,1,
ovladaam,1,
najvacej,1,
entschuldigung,1,
inymi,1,
taliana,1,
chytim,1,
mojjjj,1,
kocovnikov,1,
maadarsky,1,
prece,1,
zalube,1,
pascalu,1,
parlamente,1,
pohody,1,
italian,1,
lahky,1,
ucenliva,1,
polskym,1,
ajeje,1,
cudovala,1,
muoj,1,
zviknem,1,
jasneee,1,
kozi,1,
ruscinu,1,
esteeee,1,
dizgrafik,1,
debil,1,
bytosti,1,
aaaach,1,
predmetu,1,
najpodstatnejsie,1,
surinam,1,
skvelo,1,
blaznivy,1,
barjako,1,
gracie,1,
dostanem,1,
tocicko,1,
gehts,1,
nesmej,1,
daaaaaa,1,
ina,1,
fasinsky,1,
stekaci,1,
automatom,1,
kvalifikaciu,1,
nasiel,1,
prepadavam,1,
spanglish,1,
lehotskyy,1,
mensin,1,
byvale,1,
danglickyyyy,1,
prehanam,1,
samozrjme,1,
russkij,1,
mooozno,1,
mortis,1,
samajamadomfuc,1,
chai,1,
magiarok,1,
slove,1,
stratila,1,
wedstrijd,1,
zvycajne,1,
sovinistov,1,
chorvatskyxdd,1,
amozno,1,
spokojne,1,
mangolsky,1,
nemoze,1,
somalcinu,1,
staroperzstina,1,
rspect,1,
obe,1,
uharky,1,
slowemskii,1,
spokojnosti,1,
denn,1,
letzten,1,
zakladoch,1,
nfm,1,
owlaadnut,1,
leniva,1,
vramci,1,
komote,1,
prekladacom,1,
poznaju,1,
zijem,1,
nudiim,1,
niake,1,
baars,1,
voi,1,
wejkinho,1,
virezal,1,
poprosis,1,
aktoch,1,
blbooost,1,
potichu,1,
vcitit,1,
hocikedy,1,
dorozumies,1,
purcooo,1,
cesccinuu,1,
dokazal,1,
parselcinu,1,
francustine,1,
vycibrenej,1,
celustny,1,
neovladas,1,
profil,1,
vystrc,1,
nikic,1,
zeleninovy,1,
nitraaanstinu,1,
krasnu,1,
rechts,1,
owladat,1,
vyucby,1,
ulackyy,1,
hodit,1,
hola,1,
trooosku,1,
nefunguje,1,
makovy,1,
trojku,1,
behac,1,
spanish,1,
pohlawny,1,
panc,1,
precita,1,
lyzica,1,
odumrel,1,
latinskyy,1,
holandstiny,1,
skrto,1,
tilastoa,1,
rodnemu,1,
muzom,1,
donutena,1,
kozou,1,
jebat,1,
ozraty,1,
trpazlipictipinapa,1,
druhych,1,
logicke,1,
hebrejskya,1,
prestal,1,
japon,1,
spoluziaka,1,
stredoskolskych,1,
zakaladky,1,
dojce,1,
nepocuva,1,
waaaau,1,
lesa,1,
pridobre,1,
nadarsky,1,
lanskych,1,
rodeny,1,
trosickach,1,
nepowiem,1,
niejak,1,
barmcina,1,
archaicku,1,
neznasala,1,
hodinu,1,
samopalsky,1,
parssselcccina,1,
like,1,
radcej,1,
chlapcooom,1,
slovenskomadarsky,1,
blabotiku,1,
jazykovych,1,
sladsie,1,
pozriem,1,
spanielska,1,
vulgarizmi,1,
einbisschen,1,
die,1,
poraadnee,1,
vojak,1,
nezahynul,1,
marhaba,1,
nemame,1,
ziackej,1,
slovenskyyyyyyy,1,
umaga,1,
zavisiace,1,
heeej,1,
babindolsky,1,
akko,1,
jen,1,
dddddddd,1,
waaaaw,1,
zmienku,1,
xceem,1,
citim,1,
eskimactinu,1,
stvorenie,1,
celeho,1,
rusk,1,
ulacki,1,
ovsky,1,
nuz,1,
videt,1,
dkum,1,
fracuzak,1,
naneeeee,1,
dno,1,
seci,1,
krovacstinu,1,
opacnym,1,
kosti,1,
dany,1,
well,1,
dymovimi,1,
nitraaancinu,1,
hodnotit,1,
zennur,1,
cakam,1,
papulnati,1,
karibu,1,
hlavnie,1,
najradcej,1,
svalov,1,
prvyy,1,
xixix,1,
habari,1,
kiss,1,
picit,1,
niekotry,1,
slovenskonespisovny,1,
nebavilo,1,
ugro,1,
svojjjjjjjjjjjjjjjjjjjjjj,1,
mismas,1,
nitraaaancinu,1,
nusim,1,
nehaj,1,
thom,1,
hondacki,1,
volaju,1,
nitriancinu,1,
zalubeny,1,
smermi,1,
british,1,
kseftarom,1,
obuvam,1,
inkov,1,
kazdyyyy,1,
komunikacne,1,
antarkticky,1,
paroky,1,
prakticka,1,
trucho,1,
romania,1,
laostina,1,
porane,1,
cmuuuuuuuuuuuuuuuuuuuuuuuu,1,
priatelia,1,
ostrebany,1,
stete,1,
zadarii,1,
hik,1,
fransba,1,
vravia,1,
mondogovat,1,
bezpochyb,1,
frj,1,
tano,1,
taxiku,1,
rozunies,1,
zakladna,1,
plete,1,
niho,1,
kralovski,1,
francuztiny,1,
piatom,1,
never,1,
chandi,1,
ustockaach,1,
jayzk,1,
nechvalila,1,
slonstina,1,
nitrancan,1,
vizor,1,
vysadit,1,
zasek,1,
own,1,
slovakom,1,
mojjjjjjjjj,1,
bangladescinu,1,
riadna,1,
uleti,1,
dojdi,1,
deformacie,1,
zriedka,1,
skazajte,1,
najeb,1,
nou,1,
menovaneho,1,
praca,1,
vytvoreny,1,
lala,1,
nitrancinaa,1,
jhaky,1,
myslou,1,
nebovy,1,
prietelov,1,
enghlish,1,
prirode,1,
fir,1,
bb,1,
prosku,1,
doposial,1,
view,1,
smirgel,1,
rozumet,1,
neumriem,1,
nechytila,1,
rodicov,1,
dere,1,
masle,1,
gavariem,1,
cigaretu,1,
alezaujima,1,
huronsky,1,
prejaaakam,1,
skrillex,1,
nemi,1,
kamarati,1,
zaderim,1,
necakajte,1,
necham,1,
npo,1,
napad,1,
kanibali,1,
bis,1,
nedostal,1,
nepotrebnaaaa,1,
gronsky,1,
nazoru,1,
naa,1,
bosky,1,
jaskynne,1,
vediat,1,
slovenskya,1,
chod,1,
francuz,1,
xdt,1,
slovenskyyyyyy,1,
kozicka,1,
ruskom,1,
vzdelana,1,
obou,1,
macaciiii,1,
petky,1,
akasi,1,
sedky,1,
slovnensky,1,
vipijem,1,
nejakemu,1,
domyslite,1,
rocna,1,
tajna,1,
farncuztina,1,
fracnuzky,1,
hroozne,1,
pokecu,1,
spanische,1,
mencina,1,
slovr,1,
azerbajdzansky,1,
potvrdzuje,1,
halvneeee,1,
spanyolul,1,
zla,1,
slaby,1,
adamko,1,
vyhynutych,1,
najlepsejse,1,
nedohovoris,1,
sbvoj,1,
trosinkaa,1,
afrikansky,1,
daaaa,1,
jamas,1,
konecnom,1,
ahsb,1,
zdaleka,1,
idemi,1,
kukurica,1,
lamanu,1,
anglickysom,1,
overit,1,
rozmiem,1,
rodicom,1,
anglictini,1,
nulova,1,
curacik,1,
zvlaaadnem,1,
japoncine,1,
pozerala,1,
aked,1,
ktorymi,1,
ktoremu,1,
nyelveket,1,
predlzi,1,
taliatncina,1,
celku,1,
sihilstina,1,
ajn,1,
cunik,1,
bella,1,
materinky,1,
platna,1,
francuzske,1,
nhekoho,1,
papagajovskyy,1,
iniciativy,1,
dheeh,1,
komunikativne,1,
dibec,1,
bodov,1,
vykopat,1,
vyberam,1,
kamzik,1,
cudzych,1,
konzultacne,1,
talianom,1,
rapotania,1,
boys,1,
dohoworila,1,
dtokararaj,1,
prehnane,1,
pretsa,1,
osobnom,1,
donedavna,1,
hocikto,1,
rwande,1,
charaso,1,
zenskym,1,
ovlaaadam,1,
bozky,1,
tatuu,1,
guo,1,
malimbo,1,
ovladac,1,
vyskakuje,1,
lekarska,1,
lubozvucny,1,
slovenskoromsky,1,
registracia,1,
viplazovat,1,
francuzaciky,1,
chinsky,1,
jaaaa,1,
vietkongov,1,
vlasneho,1,
nevydalo,1,
francuzsstina,1,
denke,1,
chodiim,1,
dorozumim,1,
zalezitost,1,
masi,1,
fajnovo,1,
hlavvne,1,
presvedcit,1,
romcine,1,
sonickin,1,
telepatiu,1,
ista,1,
odrezali,1,
pytat,1,
verstehen,1,
slovanskim,1,
utratit,1,
rodnom,1,
kratk,1,
skusenost,1,
mojki,1,
slovaan,1,
malaizsky,1,
francee,1,
zamestnanci,1,
spisovny,1,
mfwg,1,
hausaufgabe,1,
posunkoveho,1,
tes,1,
slovakul,1,
nezabudnutelna,1,
slovenskky,1,
suhlasi,1,
nelubim,1,
japponcinu,1,
isiel,1,
poranne,1,
naslovensku,1,
sloveso,1,
doisch,1,
yugo,1,
kravinu,1,
nasilu,1,
nudnu,1,
looser,1,
vynikajuce,1,
tagai,1,
konzeretravu,1,
slavacky,1,
ael,1,
svooojj,1,
dorozuumel,1,
vychodnarsku,1,
davat,1,
prezerat,1,
pacii,1,
predstavoval,1,
multilanguage,1,
byvaleho,1,
duta,1,
ku,1,
nitranska,1,
lepsom,1,
domov,1,
zes,1,
moozno,1,
velm,1,
wen,1,
linguam,1,
jebe,1,
vsetkym,1,
nove,1,
reszegen,1,
schajze,1,
nemka,1,
trepe,1,
kricia,1,
mbibili,1,
ruskynemecky,1,
danej,1,
provokujem,1,
nestazovaldd,1,
nesuhlasis,1,
sedem,1,
zbezancina,1,
cikansky,1,
fem,1,
vysledky,1,
apacou,1,
nezabije,1,
krajsieho,1,
pojde,1,
asante,1,
pohlavim,1,
zavidel,1,
vine,1,
izi,1,
pozmenil,1,
nenaucim,1,
taktiet,1,
ivansky,1,
cistocne,1,
hlavnesvoj,1,
hlavny,1,
zvieracia,1,
abi,1,
basic,1,
hovby,1,
ibaa,1,
ovecka,1,
klaine,1,
mesiacoch,1,
svahilcinu,1,
angepisst,1,
prisity,1,
kazedho,1,
beginner,1,
partnerke,1,
nevykokcem,1,
popliest,1,
dten,1,
inteligentni,1,
babou,1,
dikes,1,
anliku,1,
olovo,1,
jesne,1,
krkolamnych,1,
ranajsi,1,
komaua,1,
spanielsym,1,
najlepseeeee,1,
telom,1,
chamoro,1,
rakuskemu,1,
troxu,1,
fake,1,
nima,1,
andrew,1,
cmukk,1,
gramatyki,1,
nerata,1,
anglikussss,1,
herren,1,
zany,1,
cesty,1,
hresenieeeeeeeeeeee,1,
anglickz,1,
gujaratcina,1,
stuuurovsku,1,
slovenskyyyyyyyyy,1,
radost,1,
ovladol,1,
mafianskych,1,
pravaj,1,
zakladnej,1,
nebudeme,1,
dlhym,1,
spocitam,1,
nehovorit,1,
pravitko,1,
ceskya,1,
viam,1,
cisto,1,
neodpadavaj,1,
brblawi,1,
ukrajinskky,1,
nudzovo,1,
obetavo,1,
prezeniem,1,
tebilnu,1,
akehokolvek,1,
stavoch,1,
macedosky,1,
ziem,1,
arabstina,1,
pyta,1,
adameckowuu,1,
dorozumjem,1,
uhersky,1,
pu,1,
drobec,1,
mandarinstinu,1,
nesmie,1,
dotknem,1,
vha,1,
donho,1,
uvaril,1,
tewaz,1,
douciii,1,
srdca,1,
lutujem,1,
seliako,1,
pomadarsky,1,
ixi,1,
vlastnyy,1,
niesomxd,1,
chorvacki,1,
reciach,1,
escobar,1,
dievcata,1,
nelubi,1,
anglycki,1,
dotoho,1,
videl,1,
malokto,1,
nemmecky,1,
dass,1,
aglicki,1,
uvidim,1,
mylujem,1,
milenci,1,
uzbegistansky,1,
seckyx,1,
armensky,1,
hotentotom,1,
kodovaci,1,
pozdrav,1,
ciastocnee,1,
sthu,1,
swojjj,1,
odmala,1,
wolako,1,
cislo,1,
tete,1,
myslienky,1,
posunkovy,1,
cgn,1,
plinulo,1,
dnuka,1,
talian,1,
zlepsim,1,
najprijemnejsi,1,
schomolenaa,1,
zlyzal,1,
nemecke,1,
bieleho,1,
afrikancina,1,
suslem,1,
cseh,1,
obomi,1,
dopletie,1,
maker,1,
prepadol,1,
francsky,1,
prekvapit,1,
hlavni,1,
natrafim,1,
ockooom,1,
werden,1,
svet,1,
pelikana,1,
katze,1,
lognem,1,
pocase,1,
papiera,1,
sag,1,
nitranizovana,1,
hungarisen,1,
anlicky,1,
amatersky,1,
rozumis,1,
ostetne,1,
skusala,1,
nieze,1,
miernej,1,
cosa,1,
zostupne,1,
dvaktat,1,
studovanie,1,
akoo,1,
biednejsie,1,
barsjakyy,1,
madjaari,1,
spomenulaa,1,
kung,1,
maciek,1,
zakladi,1,
aleksinsky,1,
stel,1,
fiem,1,
sna,1,
svuuj,1,
titulkov,1,
tetu,1,
neemecky,1,
upre,1,
ksefte,1,
skupiny,1,
maaasz,1,
matla,1,
priboskavaniii,1,
suomen,1,
hresit,1,
ciast,1,
doucovanie,1,
snivam,1,
zhodnotit,1,
if,1,
anglican,1,
psychicke,1,
vede,1,
learn,1,
spievat,1,
kanabongaaaaa,1,
zdokonalenie,1,
italske,1,
teoreticamente,1,
sovenky,1,
bosansky,1,
kazdopadne,1,
chlapi,1,
vsecke,1,
twoska,1,
zasluhy,1,
priatelou,1,
madrsky,1,
chlapcoom,1,
komjatcky,1,
ftrancuzky,1,
magyersky,1,
manga,1,
comprende,1,
adzerbajdzansky,1,
schopnosti,1,
taaakze,1,
tard,1,
vacssinou,1,
chapete,1,
velrybi,1,
najbravurnejsie,1,
fuuj,1,
amo,1,
druhymi,1,
posledy,1,
jaz,1,
nervov,1,
ras,1,
skolem,1,
drink,1,
sestrou,1,
avec,1,
trawie,1,
neovladol,1,
nalozeny,1,
slaboo,1,
latinam,1,
avlastny,1,
zaciatok,1,
vyucuje,1,
twat,1,
jayzkov,1,
napiiiiis,1,
jazika,1,
nasadne,1,
byl,1,
stazovat,1,
snahy,1,
kkurz,1,
kredity,1,
heheheh,1,
profi,1,
python,1,
obmedzuje,1,
galaxii,1,
meke,1,
volake,1,
popletie,1,
forever,1,
script,1,
nulaa,1,
pusinky,1,
spanielsku,1,
vktorej,1,
tule,1,
mdarsky,1,
nevyparia,1,
viiiis,1,
wietnamsky,1,
portorikaneccc,1,
pucioci,1,
tvor,1,
staale,1,
myslimm,1,
celkomm,1,
listy,1,
smoolaa,1,
liskovu,1,
dopisem,1,
nepoculi,1,
nejke,1,
jozka,1,
zaklada,1,
owacki,1,
vac,1,
chorvata,1,
dietky,1,
zvetsa,1,
judo,1,
rom,1,
osieho,1,
predvsazate,1,
zadriem,1,
zuraaavl,1,
preverim,1,
mikro,1,
hadom,1,
go,1,
pardon,1,
play,1,
repuem,1,
jakoze,1,
umivalla,1,
katsoa,1,
kkks,1,
jaaaaaaa,1,
cudziee,1,
pravdu,1,
ucin,1,
rypnut,1,
parizsky,1,
aaaaale,1,
lasqaa,1,
donutila,1,
obchode,1,
new,1,
hrncarovski,1,
pohutoryt,1,
posklada,1,
dakdi,1,
madyarsky,1,
mekegek,1,
matkou,1,
ves,1,
svojh,1,
ilove,1,
nadavek,1,
rosa,1,
ovladne,1,
snazit,1,
low,1,
silviin,1,
nechapete,1,
zell,1,
muy,1,
podani,1,
hungarian,1,
doucovatelku,1,
zkazdeho,1,
stadte,1,
est,1,
nedaa,1,
bronxu,1,
anii,1,
espanyol,1,
ovldam,1,
gestikulacia,1,
neuspela,1,
fbc,1,
chodiaci,1,
rap,1,
megtanulni,1,
slovanski,1,
zdravia,1,
vzdialena,1,
zasobu,1,
bohwii,1,
mosno,1,
slowenskiiiiiiiii,1,
bovie,1,
bleeeeeeee,1,
ponuky,1,
domienkach,1,
indaci,1,
vzrusujuci,1,
slovensi,1,
eset,1,
houby,1,
jedlaa,1,
koni,1,
neeeeeeeee,1,
glaubst,1,
ratsej,1,
pocesky,1,
umi,1,
pablo,1,
vseved,1,
deuschkurs,1,
bratislava,1,
sl,1,
zoborsky,1,
bernardin,1,
babeniek,1,
somnou,1,
azerbajcanka,1,
strasnee,1,
there,1,
macedonski,1,
claretta,1,
odrezany,1,
nitrancansky,1,
anglictinarka,1,
jaka,1,
postelovu,1,
tesnej,1,
spolu,1,
gavarju,1,
ruhe,1,
potroske,1,
lamavu,1,
trin,1,
cuduj,1,
ubohaa,1,
komunikujem,1,
picee,1,
ranny,1,
iduuu,1,
welche,1,
blabocem,1,
hububuna,1,
trapnu,1,
angliiicky,1,
esste,1,
skupinu,1,
nikaki,1,
bode,1,
vejvar,1,
tocharcina,1,
nemecqy,1,
prafdaze,1,
musii,1,
triezvy,1,
frncuski,1,
chybas,1,
poslat,1,
silou,1,
latincinuu,1,
ya,1,
dreveny,1,
velkee,1,
francuzi,1,
nejaq,1,
polabcina,1,
stratim,1,
chalana,1,
nevidi,1,
comlogo,1,
dolnych,1,
odborny,1,
suuu,1,
xxxxxxxxxxxxxxxxxxxxxxx,1,
predali,1,
cigano,1,
pobavit,1,
odidva,1,
stoji,1,
stare,1,
opicou,1,
spechovat,1,
malokralovsky,1,
partnerky,1,
srbstina,1,
dnoo,1,
rychlost,1,
zapade,1,
lanponstina,1,
zapojim,1,
spanjelsky,1,
cucut,1,
ı,1,
vyberiem,1,
vycerpal,1,
zovsetkych,1,
cestenu,1,
pomoc,1,
imperialisti,1,
ppokrocily,1,
prechadzam,1,
vyzera,1,
skusat,1,
komplet,1,
tukes,1,
nerozumeju,1,
nedelu,1,
erazmusu,1,
chel,1,
alenie,1,
verziu,1,
hodim,1,
nespisovny,1,
snaxim,1,
negramotny,1,
hovadinu,1,
babu,1,
mosim,1,
slowenkyyy,1,
indocinsky,1,
berie,1,
chia,1,
dos,1,
preiemerne,1,
spat,1,
gabikin,1,
primerne,1,
fajnovy,1,
zahranicny,1,
pocuvat,1,
platim,1,
povodne,1,
sicilskym,1,
zaratat,1,
blizke,1,
kuka,1,
uckat,1,
specifycku,1,
ruku,1,
rodni,1,
maaam,1,
ceskyyyy,1,
kks,1,
bezne,1,
ukr,1,
portugalski,1,
haaaa,1,
unknown,1,
goodle,1,
alkoholickom,1,
nadane,1,
prekvapeny,1,
dvaja,1,
arschloch,1,
madarskym,1,
ceska,1,
cernobily,1,
ouuu,1,
pocco,1,
ajajajaj,1,
tochen,1,
ungarise,1,
chrabaszcz,1,
ludstva,1,
barbadocina,1,
vjem,1,
skusil,1,
polovicato,1,
mysliis,1,
kamionstinu,1,
ludom,1,
jelenecky,1,
zucastnenych,1,
frajcuzsky,1,
nepekne,1,
vogel,1,
hrat,1,
lool,1,
sloenski,1,
legszebb,1,
belgicke,1,
priemerna,1,
svedstina,1,
slawak,1,
kruzok,1,
kludne,1,
striezvom,1,
krajnom,1,
bull,1,
bueeeeeeeee,1,
prekvapenie,1,
pretrpiet,1,
neboli,1,
tvooy,1,
nevyjadruje,1,
parada,1,
lavej,1,
tequila,1,
nemeckyt,1,
jablko,1,
nahneva,1,
nejakych,1,
neviete,1,
jezkovi,1,
herzlich,1,
inach,1,
ceskou,1,
rezervy,1,
picaba,1,
ger,1,
anglincky,1,
dakto,1,
jednicku,1,
automaticky,1,
einbischen,1,
celej,1,
baustelle,1,
vystiznejsie,1,
chybami,1,
kieli,1,
tebia,1,
polsko,1,
taaag,1,
lasenka,1,
mimozenstansky,1,
anglitctina,1,
mua,1,
naletel,1,
lizkat,1,
vlastnej,1,
tintok,1,
jaziki,1,
nemcov,1,
hneda,1,
bat,1,
jiso,1,
nestes,1,
vselijako,1,
potreboval,1,
etudie,1,
juho,1,
ancuzsky,1,
ruskyale,1,
narodny,1,
filip,1,
napisala,1,
rozkecam,1,
duracki,1,
dekoder,1,
hebreicinu,1,
srdecne,1,
mongolsko,1,
sanghajsky,1,
jorno,1,
swwoj,1,
gud,1,
peklo,1,
neide,1,
inyy,1,
nenajedla,1,
pariza,1,
japonskej,1,
until,1,
ucily,1,
piatky,1,
neukradli,1,
nemec,1,
priiide,1,
pouzi,1,
potim,1,
nausit,1,
aaaaaaaaaaaaa,1,
vylepseny,1,
volajte,1,
wybrat,1,
fard,1,
litroch,1,
urobit,1,
zil,1,
dau,1,
slovaaak,1,
juhoslovansky,1,
hehhehe,1,
meni,1,
nijako,1,
trohcu,1,
velvyslanec,1,
italy,1,
turectina,1,
rocik,1,
kontakt,1,
praktickej,1,
azbukou,1,
seviyorum,1,
zadari,1,
neuuspesne,1,
ojebwam,1,
zubov,1,
rumungalsky,1,
zablabotat,1,
corse,1,
jek,1,
sky,1,
niak,1,
spanieslky,1,
sicke,1,
oowladam,1,
dedo,1,
pekni,1,
talianksky,1,
pochytit,1,
zvladne,1,
nm,1,
rozumoem,1,
tvojmu,1,
chatting,1,
hibat,1,
konec,1,
hreben,1,
neandrtalsky,1,
nedelaa,1,
koktavych,1,
skvlee,1,
vyberany,1,
vyucovanie,1,
sympaticke,1,
uhol,1,
madarcini,1,
potencionalnych,1,
neexistujuce,1,
morskych,1,
nooooooooooo,1,
uuplne,1,
jeee,1,
dohovoim,1,
mlamlamla,1,
tuloksista,1,
howorit,1,
nehodi,1,
ddno,1,
kiripolski,1,
nezabudnem,1,
dvojzmyselcinou,1,
nadobrej,1,
pritazlivy,1,
vyrobnom,1,
krovacki,1,
nmmecky,1,
nudaaaa,1,
bezvladne,1,
kamoskou,1,
vacsinnou,1,
slovicek,1,
najsladsej,1,
niekolkych,1,
nezajem,1,
citi,1,
doslova,1,
jeko,1,
knizky,1,
egyptsky,1,
utiahol,1,
nespecifikovatelny,1,
dinak,1,
habsburgovcov,1,
madarskyyyyyyyy,1,
preko,1,
dementov,1,
jete,1,
soj,1,
eine,1,
vyskusajte,1,
hebrejskii,1,
roznymi,1,
nemtavy,1,
soll,1,
skromny,1,
vpravo,1,
uk,1,
anglinaxdd,1,
vidlickou,1,
zaraz,1,
napoly,1,
xciganski,1,
hutorim,1,
jugoslavsky,1,
jul,1,
clowek,1,
dolezite,1,
booobre,1,
skvelych,1,
priemer,1,
zaviazat,1,
laska,1,
televizor,1,
konzumacia,1,
najlahsii,1,
tlosku,1,
ogsa,1,
wjem,1,
lito,1,
angllicky,1,
neprepadol,1,
snurky,1,
skorej,1,
jazycky,1,
kmenou,1,
mojjj,1,
piatych,1,
castejsie,1,
zaspeakujem,1,
hungaroring,1,
chabee,1,
pocuuuvat,1,
rypem,1,
russki,1,
govorim,1,
neveril,1,
anglickyaj,1,
vecc,1,
horsia,1,
vaaazne,1,
fuckujem,1,
programovaci,1,
tee,1,
ddobrych,1,
tlk,1,
komunikat,1,
laponciny,1,
veeeeeeeeeeeelmiiiii,1,
tusiim,1,
szlovakot,1,
potrebu,1,
ddsi,1,
zrkadla,1,
cerveno,1,
svojjazyycek,1,
vonka,1,
boja,1,
vizniet,1,
francuzkyspanielsky,1,
asd,1,
potreba,1,
napocuval,1,
trnavske,1,
porande,1,
parlare,1,
faze,1,
finstiny,1,
grosse,1,
dnesnej,1,
argentynsky,1,
cerusky,1,
fancuzky,1,
fuuuuuuuuuj,1,
najlesie,1,
opitom,1,
powiem,1,
semestre,1,
cudzii,1,
napodobnit,1,
hotentotsky,1,
duty,1,
fungoval,1,
opearsingovany,1,
milacikad,1,
aciastocne,1,
neidentifikovatelny,1,
suis,1,
dakde,1,
tazki,1,
ovlasamm,1,
oblizuje,1,
francuztine,1,
sesternica,1,
fest,1,
neie,1,
cvancigolok,1,
annetaan,1,
ayy,1,
nadava,1,
lapassky,1,
brailovom,1,
neskolil,1,
opat,1,
majlepsie,1,
styu,1,
anlickyy,1,
mamin,1,
sestra,1,
erosovi,1,
sturovskyyy,1,
bohvieaako,1,
cikajucich,1,
srniek,1,
nasmial,1,
istejsie,1,
keca,1,
cochon,1,
kazdych,1,
recku,1,
lepsieeee,1,
ocujes,1,
jaa,1,
bejby,1,
nepreda,1,
istu,1,
asamo,1,
klamstvo,1,
bylo,1,
albanctina,1,
lahsia,1,
farncuzky,1,
bye,1,
juhoslovenski,1,
pfuu,1,
nieste,1,
gectinu,1,
prilezitostna,1,
dopadol,1,
zmyslite,1,
unkari,1,
ni,1,
nu,1,
hungy,1,
teenn,1,
situacia,1,
witch,1,
finsku,1,
hieroglyphy,1,
prist,1,
twist,1,
neobtazuj,1,
neslo,1,
poslednej,1,
nazvy,1,
joooj,1,
drzi,1,
svoojjj,1,
slusnej,1,
praktika,1,
prazdnin,1,
vibornexd,1,
franzuskyy,1,
neveri,1,
zly,1,
anglickyyyyyyyyy,1,
okolo,1,
ludoch,1,
najhlavnejsi,1,
diskoteke,1,
psacii,1,
volta,1,
vystihuje,1,
multilingvisticky,1,
siuxov,1,
udalosti,1,
tardo,1,
ocom,1,
debilsky,1,
opije,1,
bawi,1,
nieeeee,1,
prakticki,1,
talianskyy,1,
dialekty,1,
povedala,1,
madarszki,1,
pracuye,1,
mizive,1,
trolinku,1,
studijnom,1,
doucovatelka,1,
novorodencov,1,
skusky,1,
zabudnut,1,
neuveritelneee,1,
naladicku,1,
srdiecko,1,
alle,1,
desiatom,1,
muzov,1,
nemaj,1,
kusocek,1,
assembleru,1,
magyarske,1,
uvydime,1,
paruski,1,
spj,1,
vystrajat,1,
prose,1,
nepovien,1,
madarcinky,1,
swooojj,1,
chccem,1,
znamky,1,
ostane,1,
namibie,1,
vyucbe,1,
brat,1,
saying,1,
tocim,1,
vedomost,1,
rovnakym,1,
vymyslim,1,
drzim,1,
upokojujucich,1,
taxi,1,
zlepsuje,1,
bodocky,1,
kozmicky,1,
nehovorte,1,
emiratsky,1,
certifikat,1,
dddstane,1,
nezaujimaju,1,
chas,1,
obidve,1,
trnafciny,1,
urva,1,
etre,1,
nespomeniem,1,
gesta,1,
jalkeen,1,
pis,1,
pochabo,1,
prasacinky,1,
voli,1,
rapidne,1,
nein,1,
pustim,1,
blblblblbbblll,1,
ujlacky,1,
poor,1,
sovoj,1,
moznooraaz,1,
koreiski,1,
bonznem,1,
vosatsky,1,
posledne,1,
jedina,1,
dopiciposlania,1,
najnaj,1,
antoonio,1,
oblacno,1,
debotilitansky,1,
dospaval,1,
zavut,1,
boskavat,1,
nemalo,1,
nezanechali,1,
diskutabilne,1,
priblizi,1,
lulu,1,
gufu,1,
pohar,1,
samy,1,
chorvactiny,1,
wilkommen,1,
vychodnarcina,1,
lahka,1,
rusom,1,
flichen,1,
khmercina,1,
chcelo,1,
azaat,1,
dfm,1,
pravopisu,1,
tuu,1,
tka,1,
francuzaaak,1,
mariannin,1,
anglinky,1,
pasiivne,1,
szia,1,
fuuh,1,
nyongeden,1,
ssasak,1,
akutaz,1,
poznate,1,
drzat,1,
cuco,1,
netrdiila,1,
milacik,1,
olaszt,1,
dpce,1,
dont,1,
hatlaniny,1,
nitraaaaaanskyy,1,
nesnasanm,1,
neverili,1,
fjke,1,
eska,1,
setko,1,
bier,1,
polowice,1,
vykoktat,1,
namibsky,1,
himalastinu,1,
hocjako,1,
kell,1,
tvrda,1,
geld,1,
og,1,
szlovakul,1,
luskam,1,
klasicku,1,
vysksaas,1,
czechoslovak,1,
kazdeno,1,
toreticky,1,
ajajajj,1,
odsudzovat,1,
sferach,1,
urcit,1,
postavi,1,
opilec,1,
laponska,1,
youtu,1,
torochu,1,
ciganszki,1,
ladic,1,
cigansk,1,
jaq,1,
nejakeee,1,
eu,1,
polnapol,1,
zasa,1,
striedavo,1,
osvojit,1,
cuspais,1,
serioznejsie,1,
yorm,1,
haaaad,1,
divne,1,
merde,1,
nedavam,1,
mocna,1,
naplno,1,
amacedonsky,1,
kurami,1,
vakerel,1,
firme,1,
turvargctinu,1,
psow,1,
spanielky,1,
rrrrrrrrrrrrrr,1,
dokonaly,1,
pretoze,1,
nepodarilo,1,
sepotu,1,
nejsom,1,
pete,1,
francuzke,1,
newiim,1,
gobasa,1,
kikus,1,
unikovy,1,
zensjy,1,
nechyba,1,
zavyjam,1,
knemu,1,
sprichst,1,
inyx,1,
svooooooooooooooooooooj,1,
dohoworiim,1,
belgicky,1,
polish,1,
kytketaan,1,
vonku,1,
povesme,1,
nenastal,1,
vdiet,1,
romom,1,
jazyko,1,
hodina,1,
deravy,1,
ad,1,
tokiu,1,
sitki,1,
triedy,1,
ryba,1,
dozadu,1,
smiezsny,1,
toooo,1,
nezaskodi,1,
svoji,1,
nemcinaa,1,
slowakish,1,
najlepsia,1,
mdarski,1,
ekh,1,
domena,1,
bojnancinu,1,
slovincina,1,
nateraz,1,
biliard,1,
franczusky,1,
neposlednom,1,
botswanctina,1,
anoansita,1,
mittausta,1,
polmcim,1,
siii,1,
normalnom,1,
porozmyslam,1,
tylko,1,
romctina,1,
sua,1,
podlamuje,1,
najzaladnesji,1,
vhube,1,
vychode,1,
laco,1,
franuzstinu,1,
plocho,1,
kune,1,
smolu,1,
pochytim,1,
wes,1,
zbierka,1,
stamprlikoch,1,
neopalim,1,
anlictina,1,
niecim,1,
frn,1,
leda,1,
pohryznete,1,
napodobnovat,1,
odomna,1,
vypytam,1,
annglicky,1,
bleeeeeeeeeeeeeeeeeeeee,1,
hociktory,1,
vyplazovanie,1,
prejavy,1,
spice,1,
ojebavam,1,
zahryznut,1,
poslednymi,1,
pokulhavam,1,
sikovana,1,
dolezitejse,1,
opice,1,
kapitola,1,
ztoho,1,
trosiicku,1,
spic,1,
nevm,1,
tricku,1,
bunky,1,
diskalkulik,1,
megszollaljak,1,
debilstina,1,
natlacit,1,
visel,1,
hrooozne,1,
loko,1,
samosqaaa,1,
wecernej,1,
tyzden,1,
vypravatua,1,
lopussky,1,
riadnu,1,
utrzky,1,
megi,1,
potkan,1,
maturujem,1,
nezacnem,1,
svetovo,1,
cudzik,1,
swojej,1,
materinska,1,
chybiiicky,1,
ukecanych,1,
tzen,1,
nemyslite,1,
zasadne,1,
vypadne,1,
wewin,1,
najsilnejsich,1,
stil,1,
lae,1,
filmov,1,
skusi,1,
cestinuu,1,
nane,1,
prikaz,1,
cokoladu,1,
rydzu,1,
chapem,1,
sakwa,1,
totizto,1,
endzurkosvky,1,
premerne,1,
napicu,1,
litle,1,
svvoj,1,
osudowa,1,
nezdrevenel,1,
mongo,1,
ludu,1,
doplni,1,
specificky,1,
najracej,1,
ltt,1,
pobrezia,1,
spoznawam,1,
pomaranc,1,
bueno,1,
nitrnaucim,1,
komunikaciu,1,
existencny,1,
uspokojivo,1,
familiarity,1,
tresnut,1,
kdo,1,
inyych,1,
neskamaratili,1,
niktoo,1,
rumungracsky,1,
zapametal,1,
pan,1,
namecki,1,
tykat,1,
nepocujucimi,1,
hybe,1,
umerne,1,
slovencinou,1,
stohoo,1,
posplietala,1,
baky,1,
zmrzlinka,1,
potrebovalo,1,
hala,1,
ethe,1,
zdokonaleniu,1,
neakeho,1,
miesa,1,
papule,1,
dotknut,1,
slowenka,1,
chujovo,1,
skorr,1,
znamku,1,
solidne,1,
baba,1,
neodpoviem,1,
luaabuasa,1,
caaawe,1,
marekov,1,
mizerna,1,
naramne,1,
pata,1,
bambucko,1,
frajera,1,
raktapajas,1,
filipinsky,1,
hatlanina,1,
kim,1,
zacciatocnik,1,
jozefa,1,
amaterska,1,
gtrzfez,1,
bananas,1,
kradnut,1,
machruuujeeeeeem,1,
leti,1,
nepodda,1,
hotovo,1,
ruzovucky,1,
jazyckova,1,
hheh,1,
lekaarske,1,
drtil,1,
ovlaaadat,1,
kesaaaaj,1,
holandskie,1,
samostudium,1,
monolog,1,
stihol,1,
stastiu,1,
moooc,1,
vzdala,1,
lasko,1,
praxovat,1,
engelsk,1,
nudim,1,
spisovna,1,
stykat,1,
hadi,1,
papuly,1,
cego,1,
uckaaam,1,
riadny,1,
svoooo,1,
medzigalakticky,1,
trochens,1,
hlave,1,
oddz,1,
trt,1,
svoooooj,1,
mileho,1,
salama,1,
spaek,1,
smiala,1,
jdve,1,
voj,1,
velo,1,
knihu,1,
vypocitavanku,1,
noslovenskyx,1,
andlicky,1,
vyrazov,1,
chiu,1,
spomienky,1,
madarskyyyyy,1,
vychadza,1,
pig,1,
kosatkovcinu,1,
jazykowe,1,
vichodnarski,1,
vzdelavania,1,
sturovsku,1,
kniskami,1,
paleneho,1,
durkeeezovo,1,
bily,1,
staznosti,1,
davnejsie,1,
drtim,1,
hahaaa,1,
anglicitna,1,
macedoncina,1,
pahltny,1,
marna,1,
naajjj,1,
juzansky,1,
ovladama,1,
puuu,1,
necoo,1,
neznejsej,1,
shak,1,
trba,1,
hod,1,
viel,1,
zahodenie,1,
najdenie,1,
tatka,1,
vznikne,1,
stvorena,1,
poviedalem,1,
danke,1,
dorozumiemsa,1,
schopnost,1,
svetsky,1,
percenta,1,
cinanka,1,
tloska,1,
pickuu,1,
terenkoza,1,
lapascina,1,
zazitok,1,
slovniiiii,1,
najleppsie,1,
soker,1,
somalski,1,
nicit,1,
jedinci,1,
exoticke,1,
majkov,1,
slowencina,1,
popletiem,1,
nalepsie,1,
madarcinaa,1,
posadnuta,1,
hsjk,1,
troschken,1,
zufali,1,
kruta,1,
trozka,1,
dposumkova,1,
iwka,1,
pohrebny,1,
uprimna,1,
nick,1,
srdcova,1,
rozplaces,1,
kratku,1,
manderinska,1,
iiiiiiireckyyyyyyy,1,
serial,1,
zlo,1,
okolite,1,
nitranske,1,
vzdelavat,1,
materina,1,
tymito,1,
nnewenm,1,
bul,1,
snazzim,1,
wtedy,1,
pralesnych,1,
pice,1,
angictina,1,
xixixixi,1,
oblubene,1,
ps,1,
nitry,1,
argumentov,1,
janse,1,
ceknuuuuut,1,
stredoslovencina,1,
show,1,
stretnuti,1,
per,1,
uhm,1,
noviny,1,
madarskee,1,
ktovieco,1,
modra,1,
najdokonalejsie,1,
bije,1,
vraskavca,1,
polovinu,1,
aliaalalala,1,
dopletiem,1,
cintorin,1,
mil,1,
tolkio,1,
siedmo,1,
afjldfndfnanfmandfanmfna,1,
up,1,
nenapisal,1,
cudzieho,1,
vselico,1,
nass,1,
detski,1,
testiky,1,
ineeeeee,1,
sympaticka,1,
susedov,1,
kreslit,1,
kukam,1,
kokotiny,1,
dla,1,
tazkosti,1,
igen,1,
pripravila,1,
vprvom,1,
mikat,1,
cina,1,
bratrsky,1,
tne,1,
estonsky,1,
smaozrejeme,1,
speissekarte,1,
teroristicky,1,
hatlanu,1,
zostava,1,
malenkoj,1,
sellacky,1,
nolovom,1,
tyx,1,
slovencki,1,
neuvadzajuu,1,
srakotiny,1,
thyy,1,
mortem,1,
vyrecny,1,
sumercina,1,
ugandcinu,1,
keedyy,1,
vete,1,
dohovoriim,1,
abysom,1,
smolkovy,1,
ciganskyy,1,
nec,1,
zahryzol,1,
lenj,1,
papier,1,
pepo,1,
povinna,1,
predovsetky,1,
prispievat,1,
inglish,1,
siel,1,
vien,1,
afrinctinu,1,
mojix,1,
rozumien,1,
japanfilla,1,
dovolenke,1,
vychodniarske,1,
uajn,1,
pripadoch,1,
deutschen,1,
vycapsky,1,
podstatny,1,
jobra,1,
ahaaa,1,
weniger,1,
samozrejm,1,
dorozumievaju,1,
madchen,1,
vsetkoo,1,
wecina,1,
medium,1,
skooor,1,
trosko,1,
dzus,1,
rannom,1,
cojaviem,1,
puo,1,
nido,1,
urcitom,1,
francus,1,
pouzivani,1,
dokonalo,1,
bich,1,
kurva,1,
babatkovsky,1,
arabske,1,
tahsie,1,
trapny,1,
neohovaraj,1,
rooomsky,1,
drvim,1,
japanisch,1,
tasko,1,
dobreeeee,1,
zahrna,1,
when,1,
iovldam,1,
aka,1,
museli,1,
zoznamit,1,
nachystany,1,
pridava,1,
narecja,1,
dohovorenia,1,
dialektu,1,
pozerat,1,
speakujem,1,
regen,1,
roma,1,
vlahy,1,
nauciim,1,
hou,1,
szeretlek,1,
ucimsa,1,
vseli,1,
staroarmencina,1,
kustek,1,
chybach,1,
ankansans,1,
spon,1,
zabrat,1,
swoojjj,1,
rusn,1,
aziskymi,1,
kar,1,
dalkove,1,
this,1,
yeah,1,
javu,1,
lammeta,1,
imidzu,1,
newiiim,1,
bakanci,1,
qiqong,1,
tahaky,1,
magori,1,
teoriu,1,
slovecina,1,
kraasny,1,
hhh,1,
mensimi,1,
pytaju,1,
ciest,1,
dlhsie,1,
nesnazim,1,
neverite,1,
action,1,
darsky,1,
szlovensky,1,
cunt,1,
nezaskodil,1,
pate,1,
posluchat,1,
anglickygretcki,1,
arabstine,1,
zahranicno,1,
ojeb,1,
rovnako,1,
stinu,1,
saheejj,1,
legolasa,1,
zniet,1,
znervoznie,1,
nerozumeli,1,
sniva,1,
zvysok,1,
pomlciiim,1,
anglicitina,1,
chetitcina,1,
vsteky,1,
nikdo,1,
cyprerskeho,1,
tvorow,1,
zesde,1,
cho,1,
wsade,1,
proto,1,
zachranila,1,
prisposobivy,1,
najredsejten,1,
stawa,1,
czesky,1,
xe,1,
molgonsi,1,
optimal,1,
madarskemu,1,
hahahaaa,1,
stratit,1,
slovakialainen,1,
hehhe,1,
mysliim,1,
jave,1,
diewcat,1,
chvylu,1,
kuse,1,
dedeho,1,
anglicitnu,1,
stasti,1,
nareciii,1,
francuzaq,1,
arusky,1,
vym,1,
ru,1,
nazor,1,
ppo,1,
latinskej,1,
nijak,1,
kamarat,1,
preklad,1,
odbornik,1,
pycc,1,
ehmm,1,
powedal,1,
bariery,1,
eee,1,
zivych,1,
schiiiza,1,
odoprete,1,
wylepsowat,1,
franiny,1,
hruza,1,
neak,1,
trpaslici,1,
nerad,1,
vodkach,1,
auu,1,
nepodstatne,1,
ex,1,
nespravi,1,
lapaaskyyyy,1,
neferii,1,
teba,1,
hungaro,1,
wimm,1,
viemmm,1,
dz,1,
papam,1,
svojjjjjjjjjjjjjjjjjjjjjjjjjjjj,1,
nemeckyyy,1,
vlaste,1,
nicmoc,1,
trooosqu,1,
hovorieval,1,
hruuuzaaa,1,
bordo,1,
detstve,1,
jahodova,1,
inich,1,
lekvarom,1,
vesijake,1,
apres,1,
hope,1,
wietname,1,
milencovi,1,
porany,1,
angilcky,1,
stopercent,1,
nezaplatenie,1,
poj,1,
vime,1,
biedna,1,
okaa,1,
ofta,1,
malby,1,
gramatike,1,
polylingvista,1,
povrchne,1,
dalse,1,
nemciina,1,
hodilo,1,
melie,1,
chlapcensky,1,
vymacknem,1,
pastuncina,1,
mojimi,1,
stov,1,
narodit,1,
imalo,1,
dedinu,1,
ozrata,1,
studujemmm,1,
pridu,1,
vypotiim,1,
benan,1,
muzske,1,
alem,1,
swedski,1,
slowakis,1,
rooomski,1,
darotihezkofarikostlibansky,1,
objavi,1,
bracho,1,
hlavneee,1,
laskou,1,
recow,1,
pomyli,1,
techniku,1,
spik,1,
zmysle,1,
alen,1,
namyyslat,1,
gabikaaa,1,
saziky,1,
ke,1,
prirodzene,1,
vytresnemm,1,
diskutovat,1,
hviezdach,1,
piss,1,
komunisticky,1,
nikaj,1,
chudaci,1,
patri,1,
anglickemu,1,
problen,1,
hibrev,1,
mandarincina,1,
genius,1,
slovenskyyyyyyyyyy,1,
backstreet,1,
romcinu,1,
malcikovia,1,
java,1,
ehh,1,
prihovoris,1,
lektor,1,
ild,1,
byval,1,
totalne,1,
swj,1,
translate,1,
fajiin,1,
anglyctina,1,
vypiteho,1,
osob,1,
juzneho,1,
bleblee,1,
sekeckiky,1,
akey,1,
profili,1,
formulku,1,
helo,1,
slovnu,1,
zakladny,1,
koniciva,1,
matematicky,1,
jedenn,1,
passiv,1,
chutovo,1,
rumungricko,1,
figu,1,
blisnem,1,
wissen,1,
koketujem,1,
hebrejciny,1,
prezradim,1,
starsi,1,
allem,1,
krovatsky,1,
blbosti,1,
divy,1,
akatsky,1,
pochybujes,1,
chu,1,
chlp,1,
smaozrejmost,1,
tonk,1,
podoba,1,
spanelski,1,
prasatu,1,
trapit,1,
mishel,1,
magyrsky,1,
filmy,1,
nedam,1,
ponemecky,1,
pokusim,1,
kurven,1,
kissed,1,
zivooot,1,
samostatne,1,
subiektivny,1,
svalu,1,
balra,1,
pasa,1,
farstina,1,
tagebuch,1,
pocitaju,1,
najdolezitejsie,1,
recove,1,
odskusane,1,
pati,1,
yosm,1,
bohvico,1,
neovladnutelny,1,
seckooo,1,
perfect,1,
jugo,1,
dostudoval,1,
slovinuuuuuuuuu,1,
tr,1,
maaal,1,
dostane,1,
aktivan,1,
caaaaw,1,
latisky,1,
stetky,1,
tromi,1,
hovoriacich,1,
welsky,1,
onym,1,
nastudowane,1,
nasho,1,
pliiiiis,1,
aussi,1,
tava,1,
svahilciny,1,
napasovat,1,
aekjrgb,1,
zijeme,1,
mongosky,1,
howadziii,1,
sympaticky,1,
samoz,1,
ddxixi,1,
oop,1,
vysnivaanu,1,
vyhodnarsky,1,
naviac,1,
taa,1,
dominuju,1,
dna,1,
rasisti,1,
budede,1,
sestry,1,
pyse,1,
milana,1,
demonou,1,
casky,1,
mifka,1,
pjet,1,
dskorej,1,
rewizor,1,
dostanes,1,
sucham,1,
assembly,1,
slowa,1,
starogrecku,1,
pobreznoslonsky,1,
tucniakov,1,
orechove,1,
biela,1,
ddked,1,
spanielskyyy,1,
tun,1,
stesss,1,
norris,1,
macher,1,
hniezda,1,
ej,1,
kosulowy,1,
skolee,1,
vdaka,1,
nmo,1,
pamati,1,
torsku,1,
dobu,1,
bomba,1,
koktava,1,
piisat,1,
newm,1,
sowoj,1,
opitych,1,
celkovo,1,
neche,1,
kritickych,1,
obmezdit,1,
natlct,1,
prostriedkoch,1,
chorvatska,1,
dreva,1,
terminologie,1,
zem,1,
specialitka,1,
ddddddddddddddddd,1,
mraci,1,
neriesim,1,
uzastny,1,
trosu,1,
old,1,
fernete,1,
slabu,1,
hatlanciny,1,
skomolim,1,
remulada,1,
salgovsky,1,
jjako,1,
poziti,1,
plc,1,
spravit,1,
malilililinko,1,
rodina,1,
sklbit,1,
g,1,
nikym,1,
praktik,1,
whats,1,
sajnu,1,
potapac,1,
tonom,1,
blyzke,1,
snazimee,1,
lamavo,1,
hlavu,1,
videla,1,
kon,1,
devuska,1,
nemciinu,1,
forach,1,
cistenie,1,
lahko,1,
kolotoci,1,
kamosi,1,
stav,1,
atomova,1,
rozum,1,
budeem,1,
kymkolv,1,
safrancuski,1,
skusim,1,
urcoo,1,
sluzia,1,
francauzsky,1,
molgonstinu,1,
zjest,1,
rromsky,1,
scasu,1,
rastafariansky,1,
niako,1,
pcham,1,
rozsirujem,1,
slavne,1,
yeticky,1,
nos,1,
akykolvek,1,
europskom,1,
nemeckymadarsky,1,
baltik,1,
najviaac,1,
spinavych,1,
cigancki,1,
sucker,1,
solen,1,
nebol,1,
egipski,1,
njviac,1,
tazka,1,
rwandsky,1,
taliansy,1,
knena,1,
odzarada,1,
abfstwkfoswgb,1,
nitraancina,1,
istenen,1,
stekov,1,
etrustina,1,
vodi,1,
vlastnyyyy,1,
wuu,1,
upirou,1,
slovennky,1,
vklude,1,
jakyy,1,
gympli,1,
aikido,1,
robotnik,1,
madarskuu,1,
empiricky,1,
ciganka,1,
mnamka,1,
nespoliehala,1,
tresknut,1,
uciteku,1,
sql,1,
levov,1,
prstenov,1,
everybody,1,
rozumjem,1,
najebancinu,1,
mnozstvu,1,
priucam,1,
halloo,1,
unno,1,
svinyovcinu,1,
hubenke,1,
navodu,1,
prax,1,
neviimmm,1,
zaujimalo,1,
rusian,1,
usim,1,
kravsky,1,
xddd,1,
kebyy,1,
dachte,1,
zbalit,1,
premyslim,1,
kuracowskyy,1,
trapaaas,1,
kdir,1,
istia,1,
vodke,1,
tesco,1,
reaalne,1,
viuzit,1,
serialy,1,
vs,1,
hatlanine,1,
slovansku,1,
franssais,1,
anybody,1,
mowim,1,
vyslovovat,1,
fejsbukarsky,1,
napity,1,
rospravam,1,
cierne,1,
zakladky,1,
prislusnik,1,
mesiace,1,
mnozstvo,1,
sketmen,1,
maaalinkoo,1,
presnejsiee,1,
svij,1,
sprechujem,1,
uvadzam,1,
pallo,1,
dzugle,1,
idme,1,
mnichov,1,
nemiciny,1,
anglikcy,1,
narobis,1,
kkti,1,
akuraaat,1,
vikendu,1,
dabovane,1,
nedal,1,
papulujem,1,
zvrhne,1,
podaruje,1,
hey,1,
jet,1,
bavii,1,
ziedny,1,
jagermeister,1,
talianskym,1,
spanina,1,
mio,1,
lamavej,1,
sarodel,1,
nedobre,1,
schnitzle,1,
vysomarim,1,
finsko,1,
mimochodom,1,
step,1,
dabovanych,1,
taaaaaaaak,1,
nepomaha,1,
mysql,1,
nedostatku,1,
brrrr,1,
nemecqyy,1,
hubsches,1,
cistic,1,
cestovatelka,1,
noooooo,1,
rospravat,1,
cechach,1,
hypoteticky,1,
kap,1,
prajes,1,
kodovanie,1,
chvila,1,
xii,1,
ajw,1,
konspasenaterase,1,
mrtvolina,1,
pasivnejsie,1,
tiey,1,
weim,1,
botaskaaaach,1,
neeeee,1,
posunkuvu,1,
talianski,1,
situaciu,1,
congo,1,
novom,1,
slowinu,1,
strednuu,1,
pussy,1,
bohwejak,1,
prifarbeny,1,
muzsky,1,
ciganskyxd,1,
nedorozumela,1,
jowan,1,
cinskyyyyyyyyyy,1,
najebem,1,
chodivala,1,
neozve,1,
lapastina,1,
nico,1,
cik,1,
weee,1,
partiachh,1,
ucii,1,
slovencino,1,
coto,1,
nyelve,1,
inde,1,
musiiim,1,
popicke,1,
cvarglovina,1,
pocinsky,1,
mittausten,1,
oh,1,
frajerky,1,
povazujem,1,
inemu,1,
boskavani,1,
pressa,1,
spokojni,1,
trufnem,1,
fracuzky,1,
desperado,1,
angllictina,1,
doucil,1,
trochanek,1,
nepohne,1,
neviwem,1,
oprima,1,
vynimkou,1,
velky,1,
fyzicky,1,
oponentom,1,
klavesnicovy,1,
problemes,1,
triedna,1,
franzuzsky,1,
prilezitost,1,
kill,1,
argentinsky,1,
povedane,1,
orechy,1,
virta,1,
soltanto,1,
vypravam,1,
anglistinu,1,
digo,1,
brblosov,1,
chutne,1,
nadrbem,1,
xpp,1,
nemnoga,1,
jto,1,
zvieraciu,1,
paaapez,1,
odstavec,1,
espana,1,
opitosti,1,
osm,1,
hlawneten,1,
star,1,
martancinu,1,
opiercingovany,1,
delfinov,1,
kecnem,1,
potrosku,1,
general,1,
krajsiu,1,
maaloo,1,
slovenasy,1,
verte,1,
ostanych,1,
rusnaci,1,
cinstinou,1,
staroslovensky,1,
vsetkyyyyyanglicky,1,
muzika,1,
flamstina,1,
myminicity,1,
wlastnii,1,
partnerkou,1,
zasmiatie,1,
zamurowany,1,
ajax,1,
switches,1,
nitraaaaaacinu,1,
romales,1,
zveri,1,
jazykyy,1,
micugansky,1,
objednavku,1,
nemeckyale,1,
tvrdeho,1,
dobrovolnika,1,
dhaaa,1,
sigurna,1,
najlepsiiiiiiiiii,1,
mlovanu,1,
pojem,1,
podstatne,1,
ucili,1,
pospominam,1,
objective,1,
niekou,1,
evrybady,1,
poziadanie,1,
starogrectina,1,
vasen,1,
povacsinou,1,
nareci,1,
zastavi,1,
srbo,1,
sikula,1,
slepecky,1,
joystick,1,
spievaju,1,
armencina,1,
nahlas,1,
dakomu,1,
snehovy,1,
vypitee,1,
budeme,1,
meditativnu,1,
zdy,1,
pribudol,1,
programovacich,1,
praveze,1,
vystudovala,1,
dostat,1,
presvedcena,1,
gruzinska,1,
nevymyslel,1,
veslarcina,1,
vodovodny,1,
cooooo,1,
cisle,1,
cudziiiii,1,
canguajsky,1,
triezva,1,
nanestastie,1,
cepici,1,
ciastocme,1,
hnusny,1,
ulety,1,
niemiecki,1,
istotu,1,
samozrejma,1,
mer,1,
partnerovi,1,
duufam,1,
slin,1,
choroba,1,
gule,1,
puko,1,
zaa,1,
deplhi,1,
prilezitostiach,1,
letnych,1,
popokatepeplovsky,1,
magyarskii,1,
vytahujem,1,
zostalo,1,
najhorsii,1,
lenivost,1,
chalanovvvvvvvvvvvvvvvvvvvvvvvvvvvvvv,1,
bliakam,1,
ovladnutie,1,
dzaute,1,
ejc,1,
nenahovorim,1,
sen,1,
chorvatsku,1,
agnlicky,1,
oui,1,
turkmenistancinu,1,
pekneho,1,
dyslexiu,1,
manzela,1,
zlepsovatt,1,
fuuuuuu,1,
nepocita,1,
maysky,1,
latin,1,
kreslila,1,
frctstina,1,
welt,1,
oka,1,
momali,1,
sovij,1,
pilsky,1,
cezsky,1,
janisky,1,
rozcvicime,1,
zlatu,1,
nedostatkami,1,
nerozumiet,1,
atak,1,
seconda,1,
grc,1,
kruzit,1,
zavisi,1,
kaine,1,
binarny,1,
blue,1,
neovladali,1,
siento,1,
japonskyyyyy,1,
slaba,1,
konverzacie,1,
dnajlepsie,1,
starsne,1,
isla,1,
postavenu,1,
aba,1,
sladucky,1,
carovinskyy,1,
najllepsia,1,
haky,1,
franczuzske,1,
stunde,1,
verbalne,1,
actionscript,1,
ro,1,
isli,1,
napuchne,1,
nemeckycigansky,1,
naaa,1,
douci,1,
milacikow,1,
svot,1,
ruka,1,
papuancinu,1,
pricom,1,
neakard,1,
pasivnu,1,
mycaci,1,
nitranskyy,1,
hulski,1,
kraaaasne,1,
brejkovat,1,
lo,1,
mosem,1,
chapat,1,
logicky,1,
wyplodim,1,
xiixi,1,
sometimes,1,
rebricek,1,
zauzivanom,1,
metodu,1,
ble,1,
daako,1,
mexicke,1,
naucii,1,
vyhradne,1,
maganda,1,
vraviet,1,
dosledku,1,
nipples,1,
nespoznavam,1,
neskusajte,1,
mysel,1,
pracu,1,
devooocky,1,
max,1,
hovoriacim,1,
bludi,1,
madasky,1,
vsjo,1,
tescu,1,
nyo,1,
tosi,1,
nemeckyno,1,
kombinackami,1,
makajakopako,1,
pomadarski,1,
velrybstinu,1,
slang,1,
neobracia,1,
osobny,1,
jebem,1,
nemluvna,1,
pirsing,1,
nepoznam,1,
tvuj,1,
mackam,1,
sloenskiv,1,
mito,1,
swk,1,
nezda,1,
priiizvukom,1,
pisomnej,1,
mou,1,
chillsky,1,
talianskej,1,
posunkovou,1,
naten,1,
rusko,1,
vypravat,1,
nkedy,1,
arabstiny,1,
francuuzkyy,1,
ona,1,
obraca,1,
vypadky,1,
slowak,1,
statnice,1,
mie,1,
jour,1,
hovoryt,1,
slowencinu,1,
mackyho,1,
samozrejmeee,1,
pudovo,1,
level,1,
hriesny,1,
nebavixd,1,
prec,1,
iiiinglish,1,
nemusite,1,
nemine,1,
skromne,1,
novej,1,
najoblubenejsi,1,
darrnasian,1,
nezradil,1,
anglkictiny,1,
hlava,1,
nemate,1,
speakovat,1,
obzvlast,1,
stupni,1,
wraj,1,
prinutena,1,
priipadne,1,
namyslavosti,1,
poslenne,1,
nenormalne,1,
zaradit,1,
vase,1,
schnittzelburger,1,
paraguqajsky,1,
jenzyk,1,
mwoj,1,
neskutocne,1,
nevychadza,1,
brbloska,1,
predstavit,1,
zastavit,1,
slaboooooooooo,1,
wole,1,
uplna,1,
tysk,1,
nazvime,1,
vycasovat,1,
rozumom,1,
them,1,
odpoviem,1,
prakticku,1,
roc,1,
aktualizoval,1,
internetovy,1,
net,1,
drzym,1,
spain,1,
fonetika,1,
predmet,1,
plocha,1,
newjete,1,
hluchy,1,
zlozitejsiu,1,
expertka,1,
specialista,1,
nezabudajme,1,
dnesnom,1,
amugy,1,
peckaaaaaaa,1,
roznych,1,
jhu,1,
wetci,1,
deda,1,
sumne,1,
obluubenyy,1,
nemcinarky,1,
mancovic,1,
spanyol,1,
neeeeeee,1,
domaacich,1,
slooovensko,1,
dvojku,1,
nesmieme,1,
indianoch,1,
oni,1,
valmi,1,
pametat,1,
potrebni,1,
nikuskin,1,
pravidelneho,1,
radse,1,
kanibalsky,1,
viskusat,1,
bozkavanie,1,
francuzskyy,1,
nemyslim,1,
hviezde,1,
skumam,1,
slovencinovi,1,
nexcite,1,
xcela,1,
vatikansky,1,
ponimajes,1,
presvedcny,1,
holland,1,
ciel,1,
dali,1,
zakladke,1,
zapletie,1,
teeda,1,
obyvacky,1,
hlas,1,
prazdniny,1,
iredsky,1,
trpazlictinu,1,
spanjelski,1,
fantasticky,1,
umyvalla,1,
vecsi,1,
galcky,1,
francuzsly,1,
pochvalovali,1,
cig,1,
cabajsky,1,
uzbekistancina,1,
signalmi,1,
nes,1,
nadavku,1,
pasivna,1,
pisme,1,
najnosie,1,
veeela,1,
rozsiruje,1,
abelovcinu,1,
slovenskije,1,
domorodcami,1,
chuck,1,
slovenina,1,
nebespecni,1,
boch,1,
ozivit,1,
utkvelo,1,
serialova,1,
anglyickyyy,1,
jealous,1,
bosnancina,1,
zit,1,
francuzskych,1,
jaazyyckami,1,
taliansqy,1,
megertem,1,
greecky,1,
indiancinu,1,
romes,1,
zabka,1,
magyarol,1,
nanovo,1,
zdatna,1,
aus,1,
nevypijem,1,
zapomnel,1,
sir,1,
zajlad,1,
dlhu,1,
vyznat,1,
moooy,1,
poskytnem,1,
referencie,1,
odpovedami,1,
trovhu,1,
usmevom,1,
zenski,1,
nachadzam,1,
jamajsky,1,
drazdi,1,
paesat,1,
pritrafii,1,
dodatocne,1,
buem,1,
uhorsky,1,
htbjrvuqwbajhv,1,
priatelom,1,
tcudzi,1,
bala,1,
dehonestuje,1,
chobotnicctina,1,
stretla,1,
seliakych,1,
akarhogyan,1,
kadneho,1,
nadhera,1,
pocula,1,
babi,1,
aufviederzehen,1,
akcie,1,
swooooooooooooooj,1,
zanni,1,
zvieracich,1,
kreteni,1,
negersky,1,
sicko,1,
ujov,1,
topanokk,1,
state,1,
hovory,1,
lakotsky,1,
heehe,1,
tumbusky,1,
angolt,1,
pokecam,1,
posty,1,
zaujiimava,1,
typicky,1,
piercingom,1,
dnesny,1,
ronnu,1,
kakane,1,
rozsirovanie,1,
mongolotatarcinu,1,
zemackamy,1,
piiis,1,
every,1,
ziwot,1,
slubujem,1,
trose,1,
vymenila,1,
chlap,1,
angliinaa,1,
zcasti,1,
fracuzskyyyyy,1,
zakladly,1,
tajny,1,
kijiko,1,
feikar,1,
poharikmi,1,
jaqoo,1,
matarsky,1,
jakuza,1,
vietnamcinu,1,
zivotu,1,
hladiska,1,
ovladem,1,
trapi,1,
estee,1,
nejdegramatika,1,
pohreb,1,
akozee,1,
vedelii,1,
baf,1,
tisa,1,
nevieem,1,
haku,1,
chcanski,1,
rocnych,1,
jamajky,1,
taram,1,
cakate,1,
nitre,1,
silit,1,
rodena,1,
opp,1,
totototo,1,
flambuvany,1,
nemoznee,1,
jazykovky,1,
komorowy,1,
mivan,1,
zabijacke,1,
miesto,1,
nieviem,1,
parlovania,1,
bilikovou,1,
hovado,1,
bod,1,
dostt,1,
necakali,1,
vseliakymi,1,
boss,1,
irska,1,
kam,1,
prdel,1,
xcel,1,
boyfriend,1,
vzdelawat,1,
pekna,1,
zrucnost,1,
termeszetesen,1,
slak,1,
espaniol,1,
slonoviny,1,
naucis,1,
pocudovanie,1,
nenecky,1,
viemm,1,
azt,1,
galantsku,1,
doucovat,1,
zeseskeho,1,
wetu,1,
interested,1,
hungari,1,
slovjenski,1,
girl,1,
kezdyyy,1,
ena,1,
skuste,1,
verny,1,
vedeet,1,
slovencinuu,1,
dokonalej,1,
koli,1,
olaska,1,
css,1,
rusinsky,1,
domacej,1,
tisic,1,
najleepsii,1,
srbsko,1,
kustik,1,
einmal,1,
jooooj,1,
maloo,1,
poctivy,1,
viplazoval,1,
poridne,1,
tradicna,1,
sonicka,1,
hovadzy,1,
maturuje,1,
jauneracki,1,
ceskitrocha,1,
pravu,1,
jag,1,
xxxxxxxxxxxxxxxxxxxxxxxxxxxxxxxxxxxxxxxxxxxxxxxxxxxxxxxxxxx,1,
tezz,1,
kuwa,1,
stur,1,
rucne,1,
turista,1,
uvedene,1,
romciny,1,
prehyrene,1,
popisit,1,
jedinu,1,
karininamongulcina,1,
ganajsky,1,
zatedy,1,
pokrocile,1,
skripe,1,
kmen,1,
angliinu,1,
spaniesky,1,
vor,1,
bodylanguage,1,
nehovoril,1,
dza,1,
venoval,1,
uruqajsky,1,
akgliski,1,
hatlaninou,1,
primerane,1,
daka,1,
skazdym,1,
saaam,1,
princip,1,
allzebrisky,1,
svooooooooooooj,1,
zetremejes,1,
dona,1,
newaxdd,1,
nitraaancina,1,
rybku,1,
litovsky,1,
veeeelmi,1,
dick,1,
ceesky,1,
fizicky,1,
viiiiim,1,
vyplazujem,1,
gipsi,1,
han,1,
akyy,1,
talen,1,
prilezitostne,1,
waaaaaa,1,
seli,1,
slovensly,1,
zvacsa,1,
pohodicke,1,
dominkov,1,
indiasky,1,
saaa,1,
borec,1,
osobne,1,
hoperski,1,
pekneee,1,
ucel,1,
dieta,1,
slovenskiiii,1,
palenka,1,
hociakom,1,
kamaratom,1,
heee,1,
alaksinsky,1,
nemas,1,
mongloa,1,
venovala,1,
zien,1,
ziaadny,1,
pulz,1,
najsuper,1,
prestava,1,
specialita,1,
cau,1,
trcha,1,
vyviedlo,1,
uber,1,
hornej,1,
vipite,1,
fyziologickeho,1,
hah,1,
slony,1,
pohladom,1,
slvonensky,1,
spletiem,1,
posluchaju,1,
anglictinov,1,
zaspievat,1,
domorody,1,
fucker,1,
links,1,
rybnicky,1,
anglinaa,1,
posuvkovu,1,
zjednavat,1,
kuwajt,1,
niem,1,
robia,1,
guatemalsky,1,
skriekam,1,
chvilach,1,
vysmikne,1,
anglicke,1,
nekoho,1,
naaas,1,
somariny,1,
svalom,1,
spanielsciny,1,
slonveskeho,1,
ekvadorsky,1,
ohybam,1,
zabijem,1,
potrebovat,1,
slaziansky,1,
stvorky,1,
wocjornejm,1,
ryza,1,
prihodi,1,
njeden,1,
francuszky,1,
poldeci,1,
taaakto,1,
burkino,1,
parku,1,
dui,1,
jquery,1,
angliss,1,
uzz,1,
cisla,1,
najj,1,
